CandidateKey,GridID,SubstationID,CandidateLineID,BaseDCMW,ServiceTarget,ServedLoadMW,OutageDurationHours,PVCapacityMW,PVCapacityRatioToDC,PVOutageCreditEnabled,PVCanRechargeBatteryDuringOutage,HistoricalOutageWindowsEvaluated,BatteryPowerMW,BatteryInstalledMWh,UnmarginedBatteryPowerMW,UnmarginedBatteryInstalledMWh,BatteryUsableSOCWindowMWh,BatteryDeliverableFromStartMWh,P99EnergyOptimalBatteryInstalledMWhByHistoricalStart,P95EnergyOptimalBatteryInstalledMWhByHistoricalStart,P50EnergyOptimalBatteryInstalledMWhByHistoricalStart,MinimumEnergyOptimalBatteryInstalledMWhByHistoricalStart,WorstEnergyOptimalHistoricalStartMWh,CriticalHistoricalStartUTC,CriticalHistoricalStartLocal,CriticalWindowPVAvailableMWh,CriticalWindowPVUsedDirectMWh,CriticalWindowPVChargedToBatteryACMWh,CriticalWindowPVCurtailedMWh,CriticalWindowBatteryDeliveredMWh,CriticalWindowMinimumSOCFraction,ConstraintGenerationIterations,FinalCriticalWindowCount,FinalHistoricalViolationCount,FinalMinimumSOCMarginMWh,FinalMaximumPowerDeficitMW,BatteryStartSOCFraction,BatteryMinSOCFraction,BatteryMaxSOCFraction,BatteryChargeEfficiency,BatteryDischargeEfficiency,EnergyTermination,PowerTermination,BatteryOnlyPowerMW,BatteryOnlyInstalledMWh,BatteryOnlyP99InstalledMWh,BatteryOnlyP95InstalledMWh,BatteryOnlyP50InstalledMWh,RobustBatteryEnergySavingsFromPVMWh,RobustBatteryPowerSavingsFromPVMW,P99BatteryEnergySavingsFromPVMWh,P95BatteryEnergySavingsFromPVMWh,P50BatteryEnergySavingsFromPVMWh,ParetoEfficient
GSO_122|line_5852_22,GSO_122,hvmv_1_22,line_5852_22,13.5096083286307,0.5,6.75480416431535,1.0,0.0,0.0,False,True,105397,6.75480416431535,8.887900216204407,6.75480416431535,8.887900216204407,7.110320172963526,6.754804164315349,8.887900216204407,8.887900216204407,8.887900216204407,8.887900216204407,8.887900216204407,2024-01-01 00:00:00+00:00,2023-12-31 19:00:00-05:00,0.0,0.0,0.0,0.0,6.754804164315349,0.1,1,12,0,0.0,0.0,0.9,0.1,1.0,0.95,0.95,optimal,optimal,6.75480416431535,8.887900216204407,8.887900216204407,8.887900216204407,8.887900216204407,0.0,0.0,0.0,0.0,0.0,True
GSO_122|line_5852_22,GSO_122,hvmv_1_22,line_5852_22,13.5096083286307,0.5,6.75480416431535,1.0,3.377402082,0.2499999999883287,True,True,105397,6.75480416431535,8.887900216204407,6.75480416431535,8.887900216204407,7.110320172963526,6.754804164315349,8.887900216204407,8.887900216204407,8.799212298026475,3.999555097395452,8.887900216204407,2024-01-01 00:00:00+00:00,2023-12-31 19:00:00-05:00,0.0,0.0,0.0,0.0,6.754804164315349,0.1,1,12,0,0.0,0.0,0.9,0.1,1.0,0.95,0.95,optimal,optimal,6.75480416431535,8.887900216204407,8.887900216204407,8.887900216204407,8.887900216204407,0.0,0.0,0.0,0.0,0.08868791817793209,False
GSO_122|line_5852_22,GSO_122,hvmv_1_22,line_5852_22,13.5096083286307,0.5,6.75480416431535,1.0,6.754804164,0.4999999999766574,True,True,105397,6.75480416431535,8.887900216204407,6.75480416431535,8.887900216204407,7.110320172963526,6.754804164315349,8.887900216204407,8.887900216204407,8.710524379848547,1.2933597050438995e-10,8.887900216204407,2024-01-01 00:00:00+00:00,2023-12-31 19:00:00-05:00,0.0,0.0,0.0,0.0,6.754804164315349,0.1,1,12,0,0.0,0.0,0.9,0.1,1.0,0.95,0.95,optimal,optimal,6.75480416431535,8.887900216204407,8.887900216204407,8.887900216204407,8.887900216204407,0.0,0.0,0.0,0.0,0.17737583635586063,False
GSO_122|line_5852_22,GSO_122,hvmv_1_22,line_5852_22,13.5096083286307,0.5,6.75480416431535,1.0,10.132206246,0.7499999999649861,True,True,105397,6.75480416431535,8.887900216204407,6.75480416431535,8.887900216204407,7.110320172963526,6.754804164315349,8.887900216204407,8.887900216204407,8.621836461799948,1.2933597050438995e-10,8.887900216204407,2024-01-01 00:00:00+00:00,2023-12-31 19:00:00-05:00,0.0,0.0,0.0,0.0,6.754804164315349,0.1,1,12,0,0.0,0.0,0.9,0.1,1.0,0.95,0.95,optimal,optimal,6.75480416431535,8.887900216204407,8.887900216204407,8.887900216204407,8.887900216204407,0.0,0.0,0.0,0.0,0.26606375440445973,False
GSO_122|line_5852_22,GSO_122,hvmv_1_22,line_5852_22,13.5096083286307,0.5,6.75480416431535,1.0,13.509608329,1.0000000000273361,True,True,105397,6.75480416431535,8.887900216204407,6.75480416431535,8.887900216204407,7.110320172963526,6.754804164315349,8.887900216204407,8.887900216204407,8.533148543622012,1.2933597050438995e-10,8.887900216204407,2024-01-01 00:00:00+00:00,2023-12-31 19:00:00-05:00,0.0,0.0,0.0,0.0,6.754804164315349,0.1,1,12,0,0.0,0.0,0.9,0.1,1.0,0.95,0.95,optimal,optimal,6.75480416431535,8.887900216204407,8.887900216204407,8.887900216204407,8.887900216204407,0.0,0.0,0.0,0.0,0.35475167258239537,False
GSO_122|line_5852_22,GSO_122,hvmv_1_22,line_5852_22,13.5096083286307,0.5,6.75480416431535,2.0,0.0,0.0,False,True,105385,6.75480416431535,17.775800432408815,6.75480416431535,17.775800432408815,14.220640345927052,13.509608328630698,17.775800432408815,17.775800432408815,17.775800432408815,17.775800432408815,17.775800432408815,2024-01-01 00:00:00+00:00,2023-12-31 19:00:00-05:00,0.0,0.0,0.0,0.0,13.5096083286307,0.1,1,12,0,0.0,0.0,0.9,0.1,1.0,0.95,0.95,optimal,optimal,6.75480416431535,17.775800432408815,17.775800432408815,17.775800432408815,17.775800432408815,0.0,0.0,0.0,0.0,0.0,True
GSO_122|line_5852_22,GSO_122,hvmv_1_22,line_5852_22,13.5096083286307,0.5,6.75480416431535,2.0,3.377402082,0.2499999999883287,True,True,105385,6.75480416431535,17.775800432408815,6.75480416431535,17.775800432408815,14.220640345927052,13.509608328630698,17.775800432408815,17.775800432408815,17.475050770895855,8.955278110274532,17.775800432408815,2024-01-01 00:00:00+00:00,2023-12-31 19:00:00-05:00,0.0,0.0,0.0,0.0,13.5096083286307,0.1,1,12,0,0.0,0.0,0.9,0.1,1.0,0.95,0.95,optimal,optimal,6.75480416431535,17.775800432408815,17.775800432408815,17.775800432408815,17.775800432408815,0.0,0.0,0.0,0.0,0.3007496615129597,False
GSO_122|line_5852_22,GSO_122,hvmv_1_22,line_5852_22,13.5096083286307,0.5,6.75480416431535,2.0,6.754804164,0.4999999999766574,True,True,105385,6.75480416431535,17.775800432408815,6.75480416431535,17.775800432408815,14.220640345927052,13.509608328630698,17.775800432408815,17.775800432408815,17.174301109641576,0.3622288748791632,17.775800432408815,2024-01-01 00:00:00+00:00,2023-12-31 19:00:00-05:00,0.0,0.0,0.0,0.0,13.5096083286307,0.1,1,12,0,0.0,0.0,0.9,0.1,1.0,0.95,0.95,optimal,optimal,6.75480416431535,17.775800432408815,17.775800432408815,17.775800432408815,17.775800432408815,0.0,0.0,0.0,0.0,0.6014993227672392,False
GSO_122|line_5852_22,GSO_122,hvmv_1_22,line_5852_22,13.5096083286307,0.5,6.75480416431535,2.0,10.132206246,0.7499999999649861,True,True,105385,6.75480416431535,17.775800432408815,6.75480416431535,17.775800432408815,14.220640345927052,13.509608328630698,17.775800432408815,17.775800432408815,16.87355144812862,2.586719410087799e-10,17.775800432408815,2024-01-01 00:00:00+00:00,2023-12-31 19:00:00-05:00,0.0,0.0,0.0,0.0,13.5096083286307,0.1,1,12,0,0.0,0.0,0.9,0.1,1.0,0.95,0.95,optimal,optimal,6.75480416431535,17.775800432408815,17.775800432408815,17.775800432408815,17.775800432408815,0.0,0.0,0.0,0.0,0.9022489842801953,False
GSO_122|line_5852_22,GSO_122,hvmv_1_22,line_5852_22,13.5096083286307,0.5,6.75480416431535,2.0,13.509608329,1.0000000000273361,True,True,105385,6.75480416431535,17.775800432408815,6.75480416431535,17.775800432408815,14.220640345927052,13.509608328630698,17.775800432408815,17.775800432408815,16.57280178661567,2.586719410087799e-10,17.775800432408815,2024-01-01 00:00:00+00:00,2023-12-31 19:00:00-05:00,0.0,0.0,0.0,0.0,13.5096083286307,0.1,1,12,0,0.0,0.0,0.9,0.1,1.0,0.95,0.95,optimal,optimal,6.75480416431535,17.775800432408815,17.775800432408815,17.775800432408815,17.775800432408815,0.0,0.0,0.0,0.0,1.2029986457931443,False
GSO_122|line_5852_22,GSO_122,hvmv_1_22,line_5852_22,13.5096083286307,0.5,6.75480416431535,4.0,0.0,0.0,False,True,105361,6.75480416431535,35.55160086481763,6.75480416431535,35.55160086481763,28.441280691854104,27.019216657261396,35.55160086481763,35.55160086481763,35.55160086481763,35.55160086481763,35.55160086481763,2024-01-01 00:00:00+00:00,2023-12-31 19:00:00-05:00,0.0,0.0,0.0,0.0,27.0192166572614,0.1,1,12,0,0.0,0.0,0.9,0.1,1.0,0.95,0.95,optimal,optimal,6.75480416431535,35.55160086481763,35.55160086481763,35.55160086481763,35.55160086481763,0.0,0.0,0.0,0.0,0.0,True
GSO_122|line_5852_22,GSO_122,hvmv_1_22,line_5852_22,13.5096083286307,0.5,6.75480416431535,4.0,3.377402082,0.2499999999883287,True,True,105361,6.75480416431535,35.55160086481763,6.75480416431535,35.55160086481763,28.441280691854104,27.019216657261396,35.55160086481763,35.55160086481763,34.309139210890514,18.9174029466418,35.55160086481763,2024-01-01 00:00:00+00:00,2023-12-31 19:00:00-05:00,0.0,0.0,0.0,0.0,27.0192166572614,0.1,1,12,0,0.0,0.0,0.9,0.1,1.0,0.95,0.95,optimal,optimal,6.75480416431535,35.55160086481763,35.55160086481763,35.55160086481763,35.55160086481763,0.0,0.0,0.0,0.0,1.2424616539271156,False
GSO_122|line_5852_22,GSO_122,hvmv_1_22,line_5852_22,13.5096083286307,0.5,6.75480416431535,4.0,6.754804164,0.4999999999766574,True,True,105361,6.75480416431535,35.55160086481763,6.75480416431535,35.55160086481763,28.441280691854104,27.019216657261396,35.55160086481763,35.55160086481763,33.066677557480745,2.3698620552925314,35.55160086481763,2024-01-01 00:00:00+00:00,2023-12-31 19:00:00-05:00,0.0,0.0,0.0,0.0,27.0192166572614,0.1,1,12,0,0.0,0.0,0.9,0.1,1.0,0.95,0.95,optimal,optimal,6.75480416431535,35.55160086481763,35.55160086481763,35.55160086481763,35.55160086481763,0.0,0.0,0.0,0.0,2.484923307336885,False
GSO_122|line_5852_22,GSO_122,hvmv_1_22,line_5852_22,13.5096083286307,0.5,6.75480416431535,4.0,10.132206246,0.7499999999649861,True,True,105361,6.75480416431535,35.55160086481763,6.75480416431535,35.55160086481763,28.441280691854104,27.019216657261396,35.55160086481763,35.55160086481763,31.824215903553593,5.173438820175598e-10,35.55160086481763,2024-01-01 00:00:00+00:00,2023-12-31 19:00:00-05:00,0.0,0.0,0.0,0.0,27.0192166572614,0.1,1,12,0,0.0,0.0,0.9,0.1,1.0,0.95,0.95,optimal,optimal,6.75480416431535,35.55160086481763,35.55160086481763,35.55160086481763,35.55160086481763,0.0,0.0,0.0,0.0,3.727384961264036,False
GSO_122|line_5852_22,GSO_122,hvmv_1_22,line_5852_22,13.5096083286307,0.5,6.75480416431535,4.0,13.509608329,1.0000000000273361,True,True,105361,6.75480416431535,35.55160086481763,6.75480416431535,35.55160086481763,28.441280691854104,27.019216657261396,35.55160086481763,35.55160086481763,30.581754249109128,5.173438820175598e-10,35.55160086481763,2024-01-01 00:00:00+00:00,2023-12-31 19:00:00-05:00,0.0,0.0,0.0,0.0,27.0192166572614,0.1,1,12,0,0.0,0.0,0.9,0.1,1.0,0.95,0.95,optimal,optimal,6.75480416431535,35.55160086481763,35.55160086481763,35.55160086481763,35.55160086481763,0.0,0.0,0.0,0.0,4.9698466157085015,False
GSO_122|line_5852_22,GSO_122,hvmv_1_22,line_5852_22,13.5096083286307,0.5,6.75480416431535,8.0,0.0,0.0,False,True,105313,6.75480416431535,71.10320172963526,6.75480416431535,71.10320172963526,56.88256138370821,54.03843331452279,71.10320172963526,71.10320172963526,71.10320172963526,71.10320172963526,71.10320172963526,2024-01-01 00:00:00+00:00,2023-12-31 19:00:00-05:00,0.0,0.0,0.0,0.0,54.0384333145228,0.1,1,12,0,0.0,0.0,0.9,0.1,1.0,0.95,0.95,optimal,optimal,6.75480416431535,71.10320172963526,71.10320172963526,71.10320172963526,71.10320172963526,0.0,0.0,0.0,0.0,0.0,True
GSO_122|line_5852_22,GSO_122,hvmv_1_22,line_5852_22,13.5096083286307,0.5,6.75480416431535,8.0,3.377402082,0.2499999999883287,True,True,105313,6.75480416431535,71.10320172963526,6.75480416431535,71.10320172963526,56.88256138370821,54.03843331452279,71.10320172963526,71.10320172963526,65.96664121349664,42.25873371707644,71.10320172963526,2024-01-01 00:00:00+00:00,2023-12-31 19:00:00-05:00,0.0,0.0,0.0,0.0,54.0384333145228,0.1,1,12,0,0.0,0.0,0.9,0.1,1.0,0.95,0.95,optimal,optimal,6.75480416431535,71.10320172963526,71.10320172963526,71.10320172963526,71.10320172963526,0.0,0.0,0.0,0.0,5.136560516138616,False
GSO_122|line_5852_22,GSO_122,hvmv_1_22,line_5852_22,13.5096083286307,0.5,6.75480416431535,8.0,6.754804164,0.4999999999766574,True,True,105313,6.75480416431535,71.10320172963526,6.75480416431535,71.10320172963526,56.88256138370821,54.03843331452279,71.10320172963526,71.10320172963526,60.830080698392706,13.500922731344202,71.10320172963526,2024-01-01 00:00:00+00:00,2023-12-31 19:00:00-05:00,0.0,0.0,0.0,0.0,54.0384333145228,0.1,1,12,0,0.0,0.0,0.9,0.1,1.0,0.95,0.95,optimal,optimal,6.75480416431535,71.10320172963526,71.10320172963526,71.10320172963526,71.10320172963526,0.0,0.0,0.0,0.0,10.273121031242553,False
GSO_122|line_5852_22,GSO_122,hvmv_1_22,line_5852_22,13.5096083286307,0.5,6.75480416431535,8.0,10.132206246,0.7499999999649861,True,True,105313,6.75480416431535,71.10320172963526,6.75480416431535,71.10320172963526,56.88256138370821,54.03843331452279,71.10320172963526,71.10320172963526,55.7030453056988,0.7159420470024479,71.10320172963526,2024-01-01 00:00:00+00:00,2023-12-31 19:00:00-05:00,0.0,0.0,0.0,0.0,54.0384333145228,0.1,1,12,0,0.0,0.0,0.9,0.1,1.0,0.95,0.95,optimal,optimal,6.75480416431535,71.10320172963526,71.10320172963526,71.10320172963526,71.10320172963526,0.0,0.0,0.0,0.0,15.400156423936458,False
GSO_122|line_5852_22,GSO_122,hvmv_1_22,line_5852_22,13.5096083286307,0.5,6.75480416431535,8.0,13.509608329,1.0000000000273361,True,True,105313,6.75480416431535,71.10320172963526,6.75480416431535,71.10320172963526,56.88256138370821,54.03843331452279,71.10320172963526,71.10320172963526,50.93968160927132,1.0346877640351196e-09,71.10320172963526,2024-01-01 00:00:00+00:00,2023-12-31 19:00:00-05:00,0.0,0.0,0.0,0.0,54.0384333145228,0.1,1,12,0,0.0,0.0,0.9,0.1,1.0,0.95,0.95,optimal,optimal,6.75480416431535,71.10320172963526,71.10320172963526,71.10320172963526,71.10320172963526,0.0,0.0,0.0,0.0,20.16352012036394,False
GSO_122|line_5852_22,GSO_122,hvmv_1_22,line_5852_22,13.5096083286307,0.75,10.132206246473025,1.0,0.0,0.0,False,True,105397,10.132206246473025,13.331850324306613,10.132206246473025,13.331850324306613,10.66548025944529,10.132206246473025,13.331850324306611,13.331850324306611,13.331850324306611,13.331850324306611,13.331850324306611,2024-01-01 00:00:00+00:00,2023-12-31 19:00:00-05:00,0.0,0.0,0.0,0.0,10.132206246473027,0.10000000000000012,1,12,0,1.5543122344752192e-15,0.0,0.9,0.1,1.0,0.95,0.95,optimal,optimal,10.132206246473025,13.331850324306613,13.331850324306611,13.331850324306611,13.331850324306611,0.0,0.0,0.0,0.0,0.0,True
GSO_122|line_5852_22,GSO_122,hvmv_1_22,line_5852_22,13.5096083286307,0.75,10.132206246473025,1.0,3.377402082,0.2499999999883287,True,True,105397,10.132206246473025,13.331850324306613,10.132206246473025,13.331850324306613,10.66548025944529,10.132206246473025,13.331850324306611,13.331850324306611,13.243162406128679,8.443505205562325,13.331850324306611,2024-01-01 00:00:00+00:00,2023-12-31 19:00:00-05:00,0.0,0.0,0.0,0.0,10.132206246473027,0.10000000000000012,1,12,0,1.5543122344752192e-15,0.0,0.9,0.1,1.0,0.95,0.95,optimal,optimal,10.132206246473025,13.331850324306613,13.331850324306611,13.331850324306611,13.331850324306611,0.0,0.0,0.0,0.0,0.08868791817793209,False
GSO_122|line_5852_22,GSO_122,hvmv_1_22,line_5852_22,13.5096083286307,0.75,10.132206246473025,1.0,6.754804164,0.4999999999766574,True,True,105397,10.132206246473025,13.331850324306613,10.132206246473025,13.331850324306613,10.66548025944529,10.132206246473025,13.331850324306611,13.331850324306611,13.154474487950747,3.555160086818037,13.331850324306611,2024-01-01 00:00:00+00:00,2023-12-31 19:00:00-05:00,0.0,0.0,0.0,0.0,10.132206246473027,0.10000000000000012,1,12,0,1.5543122344752192e-15,0.0,0.9,0.1,1.0,0.95,0.95,optimal,optimal,10.132206246473025,13.331850324306613,13.331850324306611,13.331850324306611,13.331850324306611,0.0,0.0,0.0,0.0,0.17737583635586418,False
GSO_122|line_5852_22,GSO_122,hvmv_1_22,line_5852_22,13.5096083286307,0.75,10.132206246473025,1.0,10.132206246,0.7499999999649861,True,True,105397,10.132206246473025,13.331850324306613,10.132206246473025,13.331850324306613,10.66548025944529,10.132206246473025,13.331850324306611,13.331850324306611,13.065786569966814,1.9400395575658493e-10,13.331850324306611,2024-01-01 00:00:00+00:00,2023-12-31 19:00:00-05:00,0.0,0.0,0.0,0.0,10.132206246473027,0.10000000000000012,1,12,0,1.5543122344752192e-15,0.0,0.9,0.1,1.0,0.95,0.95,optimal,optimal,10.132206246473025,13.331850324306613,13.331850324306611,13.331850324306611,13.331850324306611,0.0,0.0,0.0,0.0,0.2660637543397968,False
GSO_122|line_5852_22,GSO_122,hvmv_1_22,line_5852_22,13.5096083286307,0.75,10.132206246473025,1.0,13.509608329,1.0000000000273361,True,True,105397,10.132206246473025,13.331850324306613,10.132206246473025,13.331850324306613,10.66548025944529,10.132206246473025,13.331850324306611,13.331850324306611,12.977098651788886,1.9400395575658493e-10,13.331850324306611,2024-01-01 00:00:00+00:00,2023-12-31 19:00:00-05:00,0.0,0.0,0.0,0.0,10.132206246473027,0.10000000000000012,1,12,0,1.5543122344752192e-15,0.0,0.9,0.1,1.0,0.95,0.95,optimal,optimal,10.132206246473025,13.331850324306613,13.331850324306611,13.331850324306611,13.331850324306611,0.0,0.0,0.0,0.0,0.3547516725177253,False
GSO_122|line_5852_22,GSO_122,hvmv_1_22,line_5852_22,13.5096083286307,0.75,10.132206246473025,2.0,0.0,0.0,False,True,105385,10.132206246473025,26.663700648613226,10.132206246473025,26.663700648613226,21.33096051889058,20.26441249294605,26.663700648613222,26.663700648613222,26.663700648613222,26.663700648613222,26.663700648613222,2024-01-01 00:00:00+00:00,2023-12-31 19:00:00-05:00,0.0,0.0,0.0,0.0,20.26441249294605,0.10000000000000012,1,12,0,3.1086244689504383e-15,0.0,0.9,0.1,1.0,0.95,0.95,optimal,optimal,10.132206246473025,26.663700648613226,26.663700648613222,26.663700648613222,26.663700648613222,0.0,0.0,0.0,0.0,0.0,True
GSO_122|line_5852_22,GSO_122,hvmv_1_22,line_5852_22,13.5096083286307,0.75,10.132206246473025,2.0,3.377402082,0.2499999999883287,True,True,105385,10.132206246473025,26.663700648613226,10.132206246473025,26.663700648613226,21.33096051889058,20.26441249294605,26.663700648613222,26.663700648613222,26.362950987358943,17.84317832647894,26.663700648613222,2024-01-01 00:00:00+00:00,2023-12-31 19:00:00-05:00,0.0,0.0,0.0,0.0,20.26441249294605,0.10000000000000012,1,12,0,3.1086244689504383e-15,0.0,0.9,0.1,1.0,0.95,0.95,optimal,optimal,10.132206246473025,26.663700648613226,26.663700648613222,26.663700648613222,26.663700648613222,0.0,0.0,0.0,0.0,0.3007496612542795,False
GSO_122|line_5852_22,GSO_122,hvmv_1_22,line_5852_22,13.5096083286307,0.75,10.132206246473025,2.0,6.754804164,0.4999999999766574,True,True,105385,10.132206246473025,26.663700648613226,10.132206246473025,26.663700648613226,21.33096051889058,20.26441249294605,26.663700648613222,26.663700648613222,26.06220132571665,9.022656004732665,26.663700648613222,2024-01-01 00:00:00+00:00,2023-12-31 19:00:00-05:00,0.0,0.0,0.0,0.0,20.26441249294605,0.10000000000000012,1,12,0,3.1086244689504383e-15,0.0,0.9,0.1,1.0,0.95,0.95,optimal,optimal,10.132206246473025,26.663700648613226,26.663700648613222,26.663700648613222,26.663700648613222,0.0,0.0,0.0,0.0,0.6014993228965722,False
GSO_122|line_5852_22,GSO_122,hvmv_1_22,line_5852_22,13.5096083286307,0.75,10.132206246473025,2.0,10.132206246,0.7499999999649861,True,True,105385,10.132206246473025,26.663700648613226,10.132206246473025,26.663700648613226,21.33096051889058,20.26441249294605,26.663700648613222,26.663700648613222,25.761451664462363,0.5433433123187446,26.663700648613222,2024-01-01 00:00:00+00:00,2023-12-31 19:00:00-05:00,0.0,0.0,0.0,0.0,20.26441249294605,0.10000000000000012,1,12,0,3.1086244689504383e-15,0.0,0.9,0.1,1.0,0.95,0.95,optimal,optimal,10.132206246473025,26.663700648613226,26.663700648613222,26.663700648613222,26.663700648613222,0.0,0.0,0.0,0.0,0.9022489841508587,False
GSO_122|line_5852_22,GSO_122,hvmv_1_22,line_5852_22,13.5096083286307,0.75,10.132206246473025,2.0,13.509608329,1.0000000000273361,True,True,105385,10.132206246473025,26.663700648613226,10.132206246473025,26.663700648613226,21.33096051889058,20.26441249294605,26.663700648613222,26.663700648613222,25.460702002820067,3.8800791151316985e-10,26.663700648613222,2024-01-01 00:00:00+00:00,2023-12-31 19:00:00-05:00,0.0,0.0,0.0,0.0,20.26441249294605,0.10000000000000012,1,12,0,3.1086244689504383e-15,0.0,0.9,0.1,1.0,0.95,0.95,optimal,optimal,10.132206246473025,26.663700648613226,26.663700648613222,26.663700648613222,26.663700648613222,0.0,0.0,0.0,0.0,1.202998645793155,False
GSO_122|line_5852_22,GSO_122,hvmv_1_22,line_5852_22,13.5096083286307,0.75,10.132206246473025,4.0,0.0,0.0,False,True,105361,10.132206246473025,53.3274012972265,10.132206246473025,53.3274012972265,42.661921037781205,40.52882498589214,53.327401297226444,53.327401297226444,53.327401297226444,53.327401297226444,53.327401297226444,2024-01-01 00:00:00+00:00,2023-12-31 19:00:00-05:00,0.0,0.0,0.0,0.0,40.5288249858921,0.0999999999999997,1,12,0,-1.687538997430238e-14,0.0,0.9,0.1,1.0,0.95,0.95,optimal,optimal,10.132206246473025,53.3274012972265,53.327401297226444,53.327401297226444,53.327401297226444,0.0,0.0,0.0,0.0,0.0,True
GSO_122|line_5852_22,GSO_122,hvmv_1_22,line_5852_22,13.5096083286307,0.75,10.132206246473025,4.0,3.377402082,0.2499999999883287,True,True,105361,10.132206246473025,53.3274012972265,10.132206246473025,53.3274012972265,42.661921037781205,40.52882498589214,53.327401297226444,53.327401297226444,52.08493964329932,36.693203379309296,53.327401297226444,2024-01-01 00:00:00+00:00,2023-12-31 19:00:00-05:00,0.0,0.0,0.0,0.0,40.5288249858921,0.0999999999999997,1,12,0,-1.687538997430238e-14,0.0,0.9,0.1,1.0,0.95,0.95,optimal,optimal,10.132206246473025,53.3274012972265,53.327401297226444,53.327401297226444,53.327401297226444,0.0,0.0,0.0,0.0,1.2424616539271227,False
GSO_122|line_5852_22,GSO_122,hvmv_1_22,line_5852_22,13.5096083286307,0.75,10.132206246473025,4.0,6.754804164,0.4999999999766574,True,True,105361,10.132206246473025,53.3274012972265,10.132206246473025,53.3274012972265,42.661921037781205,40.52882498589214,53.327401297226444,53.327401297226444,50.8424779901482,20.05900546061611,53.327401297226444,2024-01-01 00:00:00+00:00,2023-12-31 19:00:00-05:00,0.0,0.0,0.0,0.0,40.5288249858921,0.0999999999999997,1,12,0,-1.687538997430238e-14,0.0,0.9,0.1,1.0,0.95,0.95,optimal,optimal,10.132206246473025,53.3274012972265,53.327401297226444,53.327401297226444,53.327401297226444,0.0,0.0,0.0,0.0,2.4849233070782475,False
GSO_122|line_5852_22,GSO_122,hvmv_1_22,line_5852_22,13.5096083286307,0.75,10.132206246473025,4.0,10.132206246,0.7499999999649861,True,True,105361,10.132206246473025,53.3274012972265,10.132206246473025,53.3274012972265,42.661921037781205,40.52882498589214,53.327401297226444,53.327401297226444,49.600016336221074,3.554793082938798,53.327401297226444,2024-01-01 00:00:00+00:00,2023-12-31 19:00:00-05:00,0.0,0.0,0.0,0.0,40.5288249858921,0.0999999999999997,1,12,0,-1.687538997430238e-14,0.0,0.9,0.1,1.0,0.95,0.95,optimal,optimal,10.132206246473025,53.3274012972265,53.327401297226444,53.327401297226444,53.327401297226444,0.0,0.0,0.0,0.0,3.72738496100537,False
GSO_122|line_5852_22,GSO_122,hvmv_1_22,line_5852_22,13.5096083286307,0.75,10.132206246473025,4.0,13.509608329,1.0000000000273361,True,True,105361,10.132206246473025,53.3274012972265,10.132206246473025,53.3274012972265,42.661921037781205,40.52882498589214,53.327401297226444,53.327401297226444,48.35755468151794,7.760158230263397e-10,53.327401297226444,2024-01-01 00:00:00+00:00,2023-12-31 19:00:00-05:00,0.0,0.0,0.0,0.0,40.5288249858921,0.0999999999999997,1,12,0,-1.687538997430238e-14,0.0,0.9,0.1,1.0,0.95,0.95,optimal,optimal,10.132206246473025,53.3274012972265,53.327401297226444,53.327401297226444,53.327401297226444,0.0,0.0,0.0,0.0,4.969846615708505,False
GSO_122|line_5852_22,GSO_122,hvmv_1_22,line_5852_22,13.5096083286307,0.75,10.132206246473025,8.0,0.0,0.0,False,True,105313,10.132206246473025,106.65480259445295,10.132206246473025,106.65480259445295,85.32384207556237,81.05764997178424,106.65480259445289,106.65480259445289,106.65480259445289,106.65480259445289,106.65480259445289,2024-01-01 00:00:00+00:00,2023-12-31 19:00:00-05:00,0.0,0.0,0.0,0.0,81.05764997178422,0.10000000000000045,1,12,0,4.618527782440651e-14,0.0,0.9,0.1,1.0,0.95,0.95,optimal,optimal,10.132206246473025,106.65480259445295,106.65480259445289,106.65480259445289,106.65480259445289,0.0,0.0,0.0,0.0,0.0,True
GSO_122|line_5852_22,GSO_122,hvmv_1_22,line_5852_22,13.5096083286307,0.75,10.132206246473025,8.0,3.377402082,0.2499999999883287,True,True,105313,10.132206246473025,106.65480259445295,10.132206246473025,106.65480259445295,85.32384207556237,81.05764997178424,106.65480259445289,106.65480259445289,101.51824207831427,77.81033458189407,106.65480259445289,2024-01-01 00:00:00+00:00,2023-12-31 19:00:00-05:00,0.0,0.0,0.0,0.0,81.05764997178422,0.10000000000000045,1,12,0,4.618527782440651e-14,0.0,0.9,0.1,1.0,0.95,0.95,optimal,optimal,10.132206246473025,106.65480259445295,106.65480259445289,106.65480259445289,106.65480259445289,0.0,0.0,0.0,0.0,5.136560516138616,False
GSO_122|line_5852_22,GSO_122,hvmv_1_22,line_5852_22,13.5096083286307,0.75,10.132206246473025,8.0,6.754804164,0.4999999999766574,True,True,105313,10.132206246473025,106.65480259445295,10.132206246473025,106.65480259445295,85.32384207556237,81.05764997178424,106.65480259445289,106.65480259445289,96.38168156372765,48.96586656933527,106.65480259445289,2024-01-01 00:00:00+00:00,2023-12-31 19:00:00-05:00,0.0,0.0,0.0,0.0,81.05764997178422,0.10000000000000045,1,12,0,4.618527782440651e-14,0.0,0.9,0.1,1.0,0.95,0.95,optimal,optimal,10.132206246473025,106.65480259445295,106.65480259445289,106.65480259445289,106.65480259445289,0.0,0.0,0.0,0.0,10.273121030725235,False
GSO_122|line_5852_22,GSO_122,hvmv_1_22,line_5852_22,13.5096083286307,0.75,10.132206246473025,8.0,10.132206246,0.7499999999649861,True,True,105313,10.132206246473025,106.65480259445295,10.132206246473025,106.65480259445295,85.32384207556237,81.05764997178424,106.65480259445289,106.65480259445289,91.24512104758907,20.251384097016306,106.65480259445289,2024-01-01 00:00:00+00:00,2023-12-31 19:00:00-05:00,0.0,0.0,0.0,0.0,81.05764997178422,0.10000000000000045,1,12,0,4.618527782440651e-14,0.0,0.9,0.1,1.0,0.95,0.95,optimal,optimal,10.132206246473025,106.65480259445295,106.65480259445289,106.65480259445289,106.65480259445289,0.0,0.0,0.0,0.0,15.409681546863823,False
GSO_122|line_5852_22,GSO_122,hvmv_1_22,line_5852_22,13.5096083286307,0.75,10.132206246473025,8.0,13.509608329,1.0000000000273361,True,True,105313,10.132206246473025,106.65480259445295,10.132206246473025,106.65480259445295,85.32384207556237,81.05764997178424,106.65480259445289,106.65480259445289,86.1085605298984,2.0977704291992714,106.65480259445289,2024-01-01 00:00:00+00:00,2023-12-31 19:00:00-05:00,0.0,0.0,0.0,0.0,81.05764997178422,0.10000000000000045,1,12,0,4.618527782440651e-14,0.0,0.9,0.1,1.0,0.95,0.95,optimal,optimal,10.132206246473025,106.65480259445295,106.65480259445289,106.65480259445289,106.65480259445289,0.0,0.0,0.0,0.0,20.54624206455449,False
GSO_122|line_5852_22,GSO_122,hvmv_1_22,line_5852_22,13.5096083286307,0.9,12.15864749576763,1.0,0.0,0.0,False,True,105397,12.15864749576763,15.998220389167937,12.15864749576763,15.998220389167937,12.798576311334351,12.158647495767633,15.998220389167932,15.998220389167932,15.998220389167932,15.998220389167932,15.998220389167932,2024-01-01 00:00:00+00:00,2023-12-31 19:00:00-05:00,0.0,0.0,0.0,0.0,12.158647495767628,0.10000000000000003,1,12,0,4.440892098500626e-16,0.0,0.9,0.1,1.0,0.95,0.95,optimal,optimal,12.15864749576763,15.998220389167937,15.998220389167932,15.998220389167932,15.998220389167932,0.0,0.0,0.0,0.0,0.0,True
GSO_122|line_5852_22,GSO_122,hvmv_1_22,line_5852_22,13.5096083286307,0.9,12.15864749576763,1.0,3.377402082,0.2499999999883287,True,True,105397,12.15864749576763,15.998220389167937,12.15864749576763,15.998220389167937,12.798576311334351,12.158647495767633,15.998220389167932,15.998220389167932,15.909532470989998,11.109875270384848,15.998220389167932,2024-01-01 00:00:00+00:00,2023-12-31 19:00:00-05:00,0.0,0.0,0.0,0.0,12.158647495767628,0.10000000000000003,1,12,0,4.440892098500626e-16,0.0,0.9,0.1,1.0,0.95,0.95,optimal,optimal,12.15864749576763,15.998220389167937,15.998220389167932,15.998220389167932,15.998220389167932,0.0,0.0,0.0,0.0,0.08868791817793387,False
GSO_122|line_5852_22,GSO_122,hvmv_1_22,line_5852_22,13.5096083286307,0.9,12.15864749576763,1.0,6.754804164,0.4999999999766574,True,True,105397,12.15864749576763,15.998220389167937,12.15864749576763,15.998220389167937,12.798576311334351,12.158647495767633,15.998220389167932,15.998220389167932,15.820844552812067,6.221530151834561,15.998220389167932,2024-01-01 00:00:00+00:00,2023-12-31 19:00:00-05:00,0.0,0.0,0.0,0.0,12.158647495767628,0.10000000000000003,1,12,0,4.440892098500626e-16,0.0,0.9,0.1,1.0,0.95,0.95,optimal,optimal,12.15864749576763,15.998220389167937,15.998220389167932,15.998220389167932,15.998220389167932,0.0,0.0,0.0,0.0,0.17737583635586418,False
GSO_122|line_5852_22,GSO_122,hvmv_1_22,line_5852_22,13.5096083286307,0.9,12.15864749576763,1.0,10.132206246,0.7499999999649861,True,True,105397,12.15864749576763,15.998220389167937,12.15864749576763,15.998220389167937,12.798576311334351,12.158647495767633,15.998220389167932,15.998220389167932,15.73215663486694,1.3331850330514736,15.998220389167932,2024-01-01 00:00:00+00:00,2023-12-31 19:00:00-05:00,0.0,0.0,0.0,0.0,12.158647495767628,0.10000000000000003,1,12,0,4.440892098500626e-16,0.0,0.9,0.1,1.0,0.95,0.95,optimal,optimal,12.15864749576763,15.998220389167937,15.998220389167932,15.998220389167932,15.998220389167932,0.0,0.0,0.0,0.0,0.2660637543009923,False
GSO_122|line_5852_22,GSO_122,hvmv_1_22,line_5852_22,13.5096083286307,0.9,12.15864749576763,1.0,13.509608329,1.0000000000273361,True,True,105397,12.15864749576763,15.998220389167937,12.15864749576763,15.998220389167937,12.798576311334351,12.158647495767633,15.998220389167932,15.998220389167932,15.643468716689007,2.3280474690790189e-10,15.998220389167932,2024-01-01 00:00:00+00:00,2023-12-31 19:00:00-05:00,0.0,0.0,0.0,0.0,12.158647495767628,0.10000000000000003,1,12,0,4.440892098500626e-16,0.0,0.9,0.1,1.0,0.95,0.95,optimal,optimal,12.15864749576763,15.998220389167937,15.998220389167932,15.998220389167932,15.998220389167932,0.0,0.0,0.0,0.0,0.35475167247892436,False
GSO_122|line_5852_22,GSO_122,hvmv_1_22,line_5852_22,13.5096083286307,0.9,12.15864749576763,2.0,0.0,0.0,False,True,105385,12.15864749576763,31.996440778335856,12.15864749576763,31.996440778335856,25.597152622668688,24.317294991535253,31.996440778335863,31.996440778335863,31.996440778335863,31.996440778335863,31.996440778335863,2024-01-01 00:00:00+00:00,2023-12-31 19:00:00-05:00,0.0,0.0,0.0,0.0,24.317294991535256,0.10000000000000007,1,12,0,2.220446049250313e-15,0.0,0.9,0.1,1.0,0.95,0.95,optimal,optimal,12.15864749576763,31.996440778335856,31.996440778335863,31.996440778335863,31.996440778335863,0.0,0.0,0.0,0.0,0.0,True
GSO_122|line_5852_22,GSO_122,hvmv_1_22,line_5852_22,13.5096083286307,0.9,12.15864749576763,2.0,3.377402082,0.2499999999883287,True,True,105385,12.15864749576763,31.996440778335856,12.15864749576763,31.996440778335856,25.597152622668688,24.317294991535253,31.996440778335863,31.996440778335863,31.69569111677117,23.17591845651198,31.996440778335863,2024-01-01 00:00:00+00:00,2023-12-31 19:00:00-05:00,0.0,0.0,0.0,0.0,24.317294991535256,0.10000000000000007,1,12,0,2.220446049250313e-15,0.0,0.9,0.1,1.0,0.95,0.95,optimal,optimal,12.15864749576763,31.996440778335856,31.996440778335863,31.996440778335863,31.996440778335863,0.0,0.0,0.0,0.0,0.3007496615646943,False
GSO_122|line_5852_22,GSO_122,hvmv_1_22,line_5852_22,13.5096083286307,0.9,12.15864749576763,2.0,6.754804164,0.4999999999766574,True,True,105385,12.15864749576763,31.996440778335856,12.15864749576763,31.996440778335856,25.597152622668688,24.317294991535253,31.996440778335863,31.996440778335863,31.394941455672097,14.3553961342225,31.996440778335863,2024-01-01 00:00:00+00:00,2023-12-31 19:00:00-05:00,0.0,0.0,0.0,0.0,24.317294991535256,0.10000000000000007,1,12,0,2.220446049250313e-15,0.0,0.9,0.1,1.0,0.95,0.95,optimal,optimal,12.15864749576763,31.996440778335856,31.996440778335863,31.996440778335863,31.996440778335863,0.0,0.0,0.0,0.0,0.6014993226637664,False
GSO_122|line_5852_22,GSO_122,hvmv_1_22,line_5852_22,13.5096083286307,0.9,12.15864749576763,2.0,10.132206246,0.7499999999649861,True,True,105385,12.15864749576763,31.996440778335856,12.15864749576763,31.996440778335856,25.597152622668688,24.317294991535253,31.996440778335863,31.996440778335863,31.09419179410741,5.534873812398629,31.996440778335863,2024-01-01 00:00:00+00:00,2023-12-31 19:00:00-05:00,0.0,0.0,0.0,0.0,24.317294991535256,0.10000000000000007,1,12,0,2.220446049250313e-15,0.0,0.9,0.1,1.0,0.95,0.95,optimal,optimal,12.15864749576763,31.996440778335856,31.996440778335863,31.996440778335863,31.996440778335863,0.0,0.0,0.0,0.0,0.9022489842284536,False
GSO_122|line_5852_22,GSO_122,hvmv_1_22,line_5852_22,13.5096083286307,0.9,12.15864749576763,2.0,13.509608329,1.0000000000273361,True,True,105385,12.15864749576763,31.996440778335856,12.15864749576763,31.996440778335856,25.597152622668688,24.317294991535253,31.996440778335863,31.996440778335863,30.793442132542715,4.6560949381580377e-10,31.996440778335863,2024-01-01 00:00:00+00:00,2023-12-31 19:00:00-05:00,0.0,0.0,0.0,0.0,24.317294991535256,0.10000000000000007,1,12,0,2.220446049250313e-15,0.0,0.9,0.1,1.0,0.95,0.95,optimal,optimal,12.15864749576763,31.996440778335856,31.996440778335863,31.996440778335863,31.996440778335863,0.0,0.0,0.0,0.0,1.2029986457931479,False
GSO_122|line_5852_22,GSO_122,hvmv_1_22,line_5852_22,13.5096083286307,0.9,12.15864749576763,4.0,0.0,0.0,False,True,105361,12.15864749576763,63.99288155667168,12.15864749576763,63.99288155667168,51.19430524533735,48.63458998307048,63.992881556671726,63.992881556671726,63.992881556671726,63.992881556671726,63.992881556671726,2024-01-01 00:00:00+00:00,2023-12-31 19:00:00-05:00,0.0,0.0,0.0,0.0,48.63458998307051,0.10000000000000023,1,12,0,1.4210854715202004e-14,0.0,0.9,0.1,1.0,0.95,0.95,optimal,optimal,12.15864749576763,63.99288155667168,63.992881556671726,63.992881556671726,63.992881556671726,0.0,0.0,0.0,0.0,0.0,True
GSO_122|line_5852_22,GSO_122,hvmv_1_22,line_5852_22,13.5096083286307,0.9,12.15864749576763,4.0,3.377402082,0.2499999999883287,True,True,105361,12.15864749576763,63.99288155667168,12.15864749576763,63.99288155667168,51.19430524533735,48.63458998307048,63.992881556671726,63.992881556671726,62.750419903055025,47.35868363828896,63.992881556671726,2024-01-01 00:00:00+00:00,2023-12-31 19:00:00-05:00,0.0,0.0,0.0,0.0,48.63458998307051,0.10000000000000023,1,12,0,1.4210854715202004e-14,0.0,0.9,0.1,1.0,0.95,0.95,optimal,optimal,12.15864749576763,63.99288155667168,63.992881556671726,63.992881556671726,63.992881556671726,0.0,0.0,0.0,0.0,1.2424616536167008,False
GSO_122|line_5852_22,GSO_122,hvmv_1_22,line_5852_22,13.5096083286307,0.9,12.15864749576763,4.0,6.754804164,0.4999999999766574,True,True,105361,12.15864749576763,63.99288155667168,12.15864749576763,63.99288155667168,51.19430524533735,48.63458998307048,63.992881556671726,63.992881556671726,61.50795824943829,30.7244857199062,63.992881556671726,2024-01-01 00:00:00+00:00,2023-12-31 19:00:00-05:00,0.0,0.0,0.0,0.0,48.63458998307051,0.10000000000000023,1,12,0,1.4210854715202004e-14,0.0,0.9,0.1,1.0,0.95,0.95,optimal,optimal,12.15864749576763,63.99288155667168,63.992881556671726,63.992881556671726,63.992881556671726,0.0,0.0,0.0,0.0,2.484923307233437,False
GSO_122|line_5852_22,GSO_122,hvmv_1_22,line_5852_22,13.5096083286307,0.9,12.15864749576763,4.0,10.132206246,0.7499999999649861,True,True,105361,12.15864749576763,63.99288155667168,12.15864749576763,63.99288155667168,51.19430524533735,48.63458998307048,63.992881556671726,63.992881556671726,60.26549659582156,14.090287801523436,63.992881556671726,2024-01-01 00:00:00+00:00,2023-12-31 19:00:00-05:00,0.0,0.0,0.0,0.0,48.63458998307051,0.10000000000000023,1,12,0,1.4210854715202004e-14,0.0,0.9,0.1,1.0,0.95,0.95,optimal,optimal,12.15864749576763,63.99288155667168,63.992881556671726,63.992881556671726,63.992881556671726,0.0,0.0,0.0,0.0,3.7273849608501664,False
GSO_122|line_5852_22,GSO_122,hvmv_1_22,line_5852_22,13.5096083286307,0.9,12.15864749576763,4.0,13.509608329,1.0000000000273361,True,True,105361,12.15864749576763,63.99288155667168,12.15864749576763,63.99288155667168,51.19430524533735,48.63458998307048,63.992881556671726,63.992881556671726,59.02303494127362,0.27501331842414023,63.992881556671726,2024-01-01 00:00:00+00:00,2023-12-31 19:00:00-05:00,0.0,0.0,0.0,0.0,48.63458998307051,0.10000000000000023,1,12,0,1.4210854715202004e-14,0.0,0.9,0.1,1.0,0.95,0.95,optimal,optimal,12.15864749576763,63.99288155667168,63.992881556671726,63.992881556671726,63.992881556671726,0.0,0.0,0.0,0.0,4.9698466153981045,False
GSO_122|line_5852_22,GSO_122,hvmv_1_22,line_5852_22,13.5096083286307,0.9,12.15864749576763,8.0,0.0,0.0,False,True,105313,12.15864749576763,127.98576311334334,12.15864749576763,127.98576311334334,102.38861049067468,97.26917996614094,127.98576311334345,127.98576311334345,127.98576311334345,127.98576311334345,127.98576311334345,2024-01-01 00:00:00+00:00,2023-12-31 19:00:00-05:00,0.0,0.0,0.0,0.0,97.26917996614102,0.10000000000000024,1,12,0,3.019806626980426e-14,0.0,0.9,0.1,1.0,0.95,0.95,optimal,optimal,12.15864749576763,127.98576311334334,127.98576311334345,127.98576311334345,127.98576311334345,0.0,0.0,0.0,0.0,0.0,True
GSO_122|line_5852_22,GSO_122,hvmv_1_22,line_5852_22,13.5096083286307,0.9,12.15864749576763,8.0,3.377402082,0.2499999999883287,True,True,105313,12.15864749576763,127.98576311334334,12.15864749576763,127.98576311334334,102.38861049067468,97.26917996614094,127.98576311334345,127.98576311334345,122.84920259844645,99.14129510140546,127.98576311334345,2024-01-01 00:00:00+00:00,2023-12-31 19:00:00-05:00,0.0,0.0,0.0,0.0,97.26917996614102,0.10000000000000024,1,12,0,3.019806626980426e-14,0.0,0.9,0.1,1.0,0.95,0.95,optimal,optimal,12.15864749576763,127.98576311334334,127.98576311334345,127.98576311334345,127.98576311334345,0.0,0.0,0.0,0.0,5.136560514896999,False
GSO_122|line_5852_22,GSO_122,hvmv_1_22,line_5852_22,13.5096083286307,0.9,12.15864749576763,8.0,6.754804164,0.4999999999766574,True,True,105313,12.15864749576763,127.98576311334334,12.15864749576763,127.98576311334334,102.38861049067468,97.26917996614094,127.98576311334345,127.98576311334345,117.71264208168705,70.29682708760501,127.98576311334345,2024-01-01 00:00:00+00:00,2023-12-31 19:00:00-05:00,0.0,0.0,0.0,0.0,97.26917996614102,0.10000000000000024,1,12,0,3.019806626980426e-14,0.0,0.9,0.1,1.0,0.95,0.95,optimal,optimal,12.15864749576763,127.98576311334334,127.98576311334345,127.98576311334345,127.98576311334345,0.0,0.0,0.0,0.0,10.273121031656402,False
GSO_122|line_5852_22,GSO_122,hvmv_1_22,line_5852_22,13.5096083286307,0.9,12.15864749576763,8.0,10.132206246,0.7499999999649861,True,True,105313,12.15864749576763,127.98576311334334,12.15864749576763,127.98576311334334,102.38861049067468,97.26917996614094,127.98576311334345,127.98576311334345,112.57608156679004,41.45235907566705,127.98576311334345,2024-01-01 00:00:00+00:00,2023-12-31 19:00:00-05:00,0.0,0.0,0.0,0.0,97.26917996614102,0.10000000000000024,1,12,0,3.019806626980426e-14,0.0,0.9,0.1,1.0,0.95,0.95,optimal,optimal,12.15864749576763,127.98576311334334,127.98576311334345,127.98576311334345,127.98576311334345,0.0,0.0,0.0,0.0,15.409681546553415,False
GSO_122|line_5852_22,GSO_122,hvmv_1_22,line_5852_22,13.5096083286307,0.9,12.15864749576763,8.0,13.509608329,1.0000000000273361,True,True,105313,12.15864749576763,127.98576311334334,12.15864749576763,127.98576311334334,102.38861049067468,97.26917996614094,127.98576311334345,127.98576311334345,107.43952104816816,12.95451916193003,127.98576311334345,2024-01-01 00:00:00+00:00,2023-12-31 19:00:00-05:00,0.0,0.0,0.0,0.0,97.26917996614102,0.10000000000000024,1,12,0,3.019806626980426e-14,0.0,0.9,0.1,1.0,0.95,0.95,optimal,optimal,12.15864749576763,127.98576311334334,127.98576311334345,127.98576311334345,127.98576311334345,0.0,0.0,0.0,0.0,20.546242065175292,False
GSO_122|line_5852_22,GSO_122,hvmv_1_22,line_5852_22,13.5096083286307,1.0,13.5096083286307,1.0,0.0,0.0,False,True,105397,13.5096083286307,17.775800432408815,13.5096083286307,17.775800432408815,14.220640345927052,13.509608328630698,17.775800432408815,17.775800432408815,17.775800432408815,17.775800432408815,17.775800432408815,2024-01-01 00:00:00+00:00,2023-12-31 19:00:00-05:00,0.0,0.0,0.0,0.0,13.509608328630698,0.1,1,12,0,0.0,0.0,0.9,0.1,1.0,0.95,0.95,optimal,optimal,13.5096083286307,17.775800432408815,17.775800432408815,17.775800432408815,17.775800432408815,0.0,0.0,0.0,0.0,0.0,True
GSO_122|line_5852_22,GSO_122,hvmv_1_22,line_5852_22,13.5096083286307,1.0,13.5096083286307,1.0,3.377402082,0.2499999999883287,True,True,105397,13.5096083286307,17.775800432408815,13.5096083286307,17.775800432408815,14.220640345927052,13.509608328630698,17.775800432408815,17.775800432408815,17.687112514230886,12.887455313599858,17.775800432408815,2024-01-01 00:00:00+00:00,2023-12-31 19:00:00-05:00,0.0,0.0,0.0,0.0,13.509608328630698,0.1,1,12,0,0.0,0.0,0.9,0.1,1.0,0.95,0.95,optimal,optimal,13.5096083286307,17.775800432408815,17.775800432408815,17.775800432408815,17.775800432408815,0.0,0.0,0.0,0.0,0.08868791817792854,False
GSO_122|line_5852_22,GSO_122,hvmv_1_22,line_5852_22,13.5096083286307,1.0,13.5096083286307,1.0,6.754804164,0.4999999999766574,True,True,105397,13.5096083286307,17.775800432408815,13.5096083286307,17.775800432408815,14.220640345927052,13.509608328630698,17.775800432408815,17.775800432408815,17.59842459605295,7.999110195049576,17.775800432408815,2024-01-01 00:00:00+00:00,2023-12-31 19:00:00-05:00,0.0,0.0,0.0,0.0,13.509608328630698,0.1,1,12,0,0.0,0.0,0.9,0.1,1.0,0.95,0.95,optimal,optimal,13.5096083286307,17.775800432408815,17.775800432408815,17.775800432408815,17.775800432408815,0.0,0.0,0.0,0.0,0.17737583635586418,False
GSO_122|line_5852_22,GSO_122,hvmv_1_22,line_5852_22,13.5096083286307,1.0,13.5096083286307,1.0,10.132206246,0.7499999999649861,True,True,105397,13.5096083286307,17.775800432408815,13.5096083286307,17.775800432408815,14.220640345927052,13.509608328630698,17.775800432408815,17.775800432408815,17.509736678133685,3.1107650762406207,17.775800432408815,2024-01-01 00:00:00+00:00,2023-12-31 19:00:00-05:00,0.0,0.0,0.0,0.0,13.509608328630698,0.1,1,12,0,0.0,0.0,0.9,0.1,1.0,0.95,0.95,optimal,optimal,13.5096083286307,17.775800432408815,17.775800432408815,17.775800432408815,17.775800432408815,0.0,0.0,0.0,0.0,0.2660637542751303,False
GSO_122|line_5852_22,GSO_122,hvmv_1_22,line_5852_22,13.5096083286307,1.0,13.5096083286307,1.0,13.509608329,1.0000000000273361,True,True,105397,13.5096083286307,17.775800432408815,13.5096083286307,17.775800432408815,14.220640345927052,13.509608328630698,17.775800432408815,17.775800432408815,17.421048759955767,2.586719410087799e-10,17.775800432408815,2024-01-01 00:00:00+00:00,2023-12-31 19:00:00-05:00,0.0,0.0,0.0,0.0,13.509608328630698,0.1,1,12,0,0.0,0.0,0.9,0.1,1.0,0.95,0.95,optimal,optimal,13.5096083286307,17.775800432408815,17.775800432408815,17.775800432408815,17.775800432408815,0.0,0.0,0.0,0.0,0.3547516724530482,False
GSO_122|line_5852_22,GSO_122,hvmv_1_22,line_5852_22,13.5096083286307,1.0,13.5096083286307,2.0,0.0,0.0,False,True,105385,13.5096083286307,35.55160086481763,13.5096083286307,35.55160086481763,28.441280691854104,27.019216657261396,35.55160086481763,35.55160086481763,35.55160086481763,35.55160086481763,35.55160086481763,2024-01-01 00:00:00+00:00,2023-12-31 19:00:00-05:00,0.0,0.0,0.0,0.0,27.0192166572614,0.1,1,12,0,0.0,0.0,0.9,0.1,1.0,0.95,0.95,optimal,optimal,13.5096083286307,35.55160086481763,35.55160086481763,35.55160086481763,35.55160086481763,0.0,0.0,0.0,0.0,0.0,True
GSO_122|line_5852_22,GSO_122,hvmv_1_22,line_5852_22,13.5096083286307,1.0,13.5096083286307,2.0,3.377402082,0.2499999999883287,True,True,105385,13.5096083286307,35.55160086481763,13.5096083286307,35.55160086481763,28.441280691854104,27.019216657261396,35.55160086481763,35.55160086481763,35.25085120356336,26.73107854268335,35.55160086481763,2024-01-01 00:00:00+00:00,2023-12-31 19:00:00-05:00,0.0,0.0,0.0,0.0,27.0192166572614,0.1,1,12,0,0.0,0.0,0.9,0.1,1.0,0.95,0.95,optimal,optimal,13.5096083286307,35.55160086481763,35.55160086481763,35.55160086481763,35.55160086481763,0.0,0.0,0.0,0.0,0.3007496612542724,False
GSO_122|line_5852_22,GSO_122,hvmv_1_22,line_5852_22,13.5096083286307,1.0,13.5096083286307,2.0,6.754804164,0.4999999999766574,True,True,105385,13.5096083286307,35.55160086481763,13.5096083286307,35.55160086481763,28.441280691854104,27.019216657261396,35.55160086481763,35.55160086481763,34.950101542309056,17.910556221066408,35.55160086481763,2024-01-01 00:00:00+00:00,2023-12-31 19:00:00-05:00,0.0,0.0,0.0,0.0,27.0192166572614,0.1,1,12,0,0.0,0.0,0.9,0.1,1.0,0.95,0.95,optimal,optimal,13.5096083286307,35.55160086481763,35.55160086481763,35.55160086481763,35.55160086481763,0.0,0.0,0.0,0.0,0.6014993225085732,False
GSO_122|line_5852_22,GSO_122,hvmv_1_22,line_5852_22,13.5096083286307,1.0,13.5096083286307,2.0,10.132206246,0.7499999999649861,True,True,105385,13.5096083286307,35.55160086481763,13.5096083286307,35.55160086481763,28.441280691854104,27.019216657261396,35.55160086481763,35.55160086481763,34.64935188053744,9.090033898932123,35.55160086481763,2024-01-01 00:00:00+00:00,2023-12-31 19:00:00-05:00,0.0,0.0,0.0,0.0,27.0192166572614,0.1,1,12,0,0.0,0.0,0.9,0.1,1.0,0.95,0.95,optimal,optimal,13.5096083286307,35.55160086481763,35.55160086481763,35.55160086481763,35.55160086481763,0.0,0.0,0.0,0.0,0.9022489842801917,False
GSO_122|line_5852_22,GSO_122,hvmv_1_22,line_5852_22,13.5096083286307,1.0,13.5096083286307,2.0,13.509608329,1.0000000000273361,True,True,105385,13.5096083286307,35.55160086481763,13.5096083286307,35.55160086481763,28.441280691854104,27.019216657261396,35.55160086481763,35.55160086481763,34.34860221928315,0.7244577471716069,35.55160086481763,2024-01-01 00:00:00+00:00,2023-12-31 19:00:00-05:00,0.0,0.0,0.0,0.0,27.0192166572614,0.1,1,12,0,0.0,0.0,0.9,0.1,1.0,0.95,0.95,optimal,optimal,13.5096083286307,35.55160086481763,35.55160086481763,35.55160086481763,35.55160086481763,0.0,0.0,0.0,0.0,1.2029986455344783,False
GSO_122|line_5852_22,GSO_122,hvmv_1_22,line_5852_22,13.5096083286307,1.0,13.5096083286307,4.0,0.0,0.0,False,True,105361,13.5096083286307,71.10320172963526,13.5096083286307,71.10320172963526,56.88256138370821,54.03843331452279,71.10320172963526,71.10320172963526,71.10320172963526,71.10320172963526,71.10320172963526,2024-01-01 00:00:00+00:00,2023-12-31 19:00:00-05:00,0.0,0.0,0.0,0.0,54.0384333145228,0.1,1,12,0,0.0,0.0,0.9,0.1,1.0,0.95,0.95,optimal,optimal,13.5096083286307,71.10320172963526,71.10320172963526,71.10320172963526,71.10320172963526,0.0,0.0,0.0,0.0,0.0,True
GSO_122|line_5852_22,GSO_122,hvmv_1_22,line_5852_22,13.5096083286307,1.0,13.5096083286307,4.0,3.377402082,0.2499999999883287,True,True,105361,13.5096083286307,71.10320172963526,13.5096083286307,71.10320172963526,56.88256138370821,54.03843331452279,71.10320172963526,71.10320172963526,69.86074007570815,54.46900381145943,71.10320172963526,2024-01-01 00:00:00+00:00,2023-12-31 19:00:00-05:00,0.0,0.0,0.0,0.0,54.0384333145228,0.1,1,12,0,0.0,0.0,0.9,0.1,1.0,0.95,0.95,optimal,optimal,13.5096083286307,71.10320172963526,71.10320172963526,71.10320172963526,71.10320172963526,0.0,0.0,0.0,0.0,1.2424616539271085,False
GSO_122|line_5852_22,GSO_122,hvmv_1_22,line_5852_22,13.5096083286307,1.0,13.5096083286307,4.0,6.754804164,0.4999999999766574,True,True,105361,13.5096083286307,71.10320172963526,13.5096083286307,71.10320172963526,56.88256138370821,54.03843331452279,71.10320172963526,71.10320172963526,68.6182784228157,37.8348058932836,71.10320172963526,2024-01-01 00:00:00+00:00,2023-12-31 19:00:00-05:00,0.0,0.0,0.0,0.0,54.0384333145228,0.1,1,12,0,0.0,0.0,0.9,0.1,1.0,0.95,0.95,optimal,optimal,13.5096083286307,71.10320172963526,71.10320172963526,71.10320172963526,71.10320172963526,0.0,0.0,0.0,0.0,2.484923306819553,False
GSO_122|line_5852_22,GSO_122,hvmv_1_22,line_5852_22,13.5096083286307,1.0,13.5096083286307,4.0,10.132206246,0.7499999999649861,True,True,105361,13.5096083286307,71.10320172963526,13.5096083286307,71.10320172963526,56.88256138370821,54.03843331452279,71.10320172963526,71.10320172963526,67.37581676888857,21.200607975107772,71.10320172963526,2024-01-01 00:00:00+00:00,2023-12-31 19:00:00-05:00,0.0,0.0,0.0,0.0,54.0384333145228,0.1,1,12,0,0.0,0.0,0.9,0.1,1.0,0.95,0.95,optimal,optimal,13.5096083286307,71.10320172963526,71.10320172963526,71.10320172963526,71.10320172963526,0.0,0.0,0.0,0.0,3.72738496074669,False
GSO_122|line_5852_22,GSO_122,hvmv_1_22,line_5852_22,13.5096083286307,1.0,13.5096083286307,4.0,13.509608329,1.0000000000273361,True,True,105361,13.5096083286307,71.10320172963526,13.5096083286307,71.10320172963526,56.88256138370821,54.03843331452279,71.10320172963526,71.10320172963526,66.1333551139268,4.739724106446312,71.10320172963526,2024-01-01 00:00:00+00:00,2023-12-31 19:00:00-05:00,0.0,0.0,0.0,0.0,54.0384333145228,0.1,1,12,0,0.0,0.0,0.9,0.1,1.0,0.95,0.95,optimal,optimal,13.5096083286307,71.10320172963526,71.10320172963526,71.10320172963526,71.10320172963526,0.0,0.0,0.0,0.0,4.969846615708462,False
GSO_122|line_5852_22,GSO_122,hvmv_1_22,line_5852_22,13.5096083286307,1.0,13.5096083286307,8.0,0.0,0.0,False,True,105313,13.5096083286307,142.20640345927052,13.5096083286307,142.20640345927052,113.76512276741641,108.07686662904558,142.20640345927052,142.20640345927052,142.20640345927052,142.20640345927052,142.20640345927052,2024-01-01 00:00:00+00:00,2023-12-31 19:00:00-05:00,0.0,0.0,0.0,0.0,108.0768666290456,0.1,1,12,0,0.0,0.0,0.9,0.1,1.0,0.95,0.95,optimal,optimal,13.5096083286307,142.20640345927052,142.20640345927052,142.20640345927052,142.20640345927052,0.0,0.0,0.0,0.0,0.0,True
GSO_122|line_5852_22,GSO_122,hvmv_1_22,line_5852_22,13.5096083286307,1.0,13.5096083286307,8.0,3.377402082,0.2499999999883287,True,True,105313,13.5096083286307,142.20640345927052,13.5096083286307,142.20640345927052,113.76512276741641,108.07686662904558,142.20640345927052,142.20640345927052,137.06984294313187,113.36193544671173,142.20640345927052,2024-01-01 00:00:00+00:00,2023-12-31 19:00:00-05:00,0.0,0.0,0.0,0.0,108.0768666290456,0.1,1,12,0,0.0,0.0,0.9,0.1,1.0,0.95,0.95,optimal,optimal,13.5096083286307,142.20640345927052,142.20640345927052,142.20640345927052,142.20640345927052,0.0,0.0,0.0,0.0,5.136560516138644,False
GSO_122|line_5852_22,GSO_122,hvmv_1_22,line_5852_22,13.5096083286307,1.0,13.5096083286307,8.0,6.754804164,0.4999999999766574,True,True,105313,13.5096083286307,142.20640345927052,13.5096083286307,142.20640345927052,113.76512276741641,108.07686662904558,142.20640345927052,142.20640345927052,131.93328242906267,84.51746743415288,142.20640345927052,2024-01-01 00:00:00+00:00,2023-12-31 19:00:00-05:00,0.0,0.0,0.0,0.0,108.0768666290456,0.1,1,12,0,0.0,0.0,0.9,0.1,1.0,0.95,0.95,optimal,optimal,13.5096083286307,142.20640345927052,142.20640345927052,142.20640345927052,142.20640345927052,0.0,0.0,0.0,0.0,10.273121030207847,False
GSO_122|line_5852_22,GSO_122,hvmv_1_22,line_5852_22,13.5096083286307,1.0,13.5096083286307,8.0,10.132206246,0.7499999999649861,True,True,105313,13.5096083286307,142.20640345927052,13.5096083286307,142.20640345927052,113.76512276741641,108.07686662904558,142.20640345927052,142.20640345927052,126.79672191292406,55.6729994215941,142.20640345927052,2024-01-01 00:00:00+00:00,2023-12-31 19:00:00-05:00,0.0,0.0,0.0,0.0,108.0768666290456,0.1,1,12,0,0.0,0.0,0.9,0.1,1.0,0.95,0.95,optimal,optimal,13.5096083286307,142.20640345927052,142.20640345927052,142.20640345927052,142.20640345927052,0.0,0.0,0.0,0.0,15.409681546346462,False
GSO_122|line_5852_22,GSO_122,hvmv_1_22,line_5852_22,13.5096083286307,1.0,13.5096083286307,8.0,13.509608329,1.0000000000273361,True,True,105313,13.5096083286307,142.20640345927052,13.5096083286307,142.20640345927052,113.76512276741641,108.07686662904558,142.20640345927052,142.20640345927052,121.66016139471604,27.001845454410905,142.20640345927052,2024-01-01 00:00:00+00:00,2023-12-31 19:00:00-05:00,0.0,0.0,0.0,0.0,108.0768666290456,0.1,1,12,0,0.0,0.0,0.9,0.1,1.0,0.95,0.95,optimal,optimal,13.5096083286307,142.20640345927052,142.20640345927052,142.20640345927052,142.20640345927052,0.0,0.0,0.0,0.0,20.546242064554477,False
