BatteryEnergyMWh,BatteryPowerMW,SimulatedSuccessPct
70.0,14.252637,1.072
71.0,14.252637,2.828
71.103202,14.252637,3.104
72.0,14.252637,6.188
73.0,14.252637,11.052
74.0,14.252637,17.744
75.0,14.252637,25.208000000000002
76.0,14.252637,33.288000000000004
77.0,14.252637,41.636
78.0,14.252637,49.64
79.0,14.252637,57.056
80.0,14.252637,63.696
81.0,14.252637,69.8
82.0,14.252637,75.2
83.0,14.252637,79.884
84.0,14.252637,84.124
85.0,14.252637,87.636
86.0,14.252637,90.768
87.0,14.252637,93.30000000000001
88.0,14.252637,95.27600000000001
89.0,14.252637,96.768
90.0,14.252637,97.92
91.0,14.252637,98.7
91.72313,14.252637,99.152
92.0,14.252637,99.336
93.0,14.252637,99.66000000000001
94.0,14.252637,99.812
95.0,14.252637,99.92
95.27829,14.252637,99.952
96.0,14.252637,99.976
97.0,14.252637,99.988
98.0,14.252637,99.996
99.0,14.252637,100.0
100.0,14.252637,100.0
