function_name,function_args,description
edm_version,,Get the current EDM version information.
get_class_documentation,class_name text DEFAULT ''::text,"Retrieve class, column, and type documentation for the optional wildcard class_name. If no class_name is provided, descriptions for all tables, views, and types in the EDM schema will be returned."
get_function_documentation,func_name text DEFAULT ''::text,"Retrieve function documentation, arguments, and return types for the optional wildcard func_name. If no func_name is provided, descriptions for all functions in the EDM schema will be returned."
grid_get_connected,"grid_id text, grid_element_id text",Returns list of grid_elements on the path(s) that are electrically connected to the specified grid_element.
grid_get_downstream,"grid_id text, grid_element_id text, include_self boolean DEFAULT true",Returns list of grid_elements on the path(s) that receive power flowing from the highest source (primary producer element) through the specified grid_element. The specified grid_element is included in the list if include_self = true.
grid_get_historic_elements,"valid_at timestamp with time zone, grid_id text DEFAULT NULL::text, extra_columns boolean DEFAULT false, active_only boolean DEFAULT false","Returns the list of grid_elements that were valid at the specified valid_at time. Grid elements are valid from the valid_at time provided at ingestion, until they are changed or removed from the grid in a subsequent ingestion. If a grid_id is specified, only elements from this grid will be returned. By default, only NULL values are returned for the `switch_is_open`, `power_flow_direction`, and `upstream_grid_element_id` columns for optimal performance. If these values are desired, ensure that `extra_columns` is true. Note that grids start as active, but can be de-activated/re-activated; if `active_only` is true, only those grids that are still currently active will be returned."
grid_get_nearby,"grid_id text, grid_element_id text, max_depth integer, terminal integer DEFAULT 0",Returns list of grid_elements on the path(s) from the given grid element to other elements that are near. The maximum number of connections to check can be specified through the max_depth parameter. If terminal is 1 the function will compute paths from terminal 1 that do not go through terminal 2. Conversely if terminal is 2. If terminal is 0 both sets of paths will be computed.
grid_get_same_voltage,"grid_id text, grid_element_id text",Returns list of grid_elements on the path(s) from the given grid element to elements at the same voltage level.
grid_get_sources,"grid_id text, grid_element_id text, highest_source boolean","Returns list of grid_elements on the path(s) from the given grid element to elements that are producers (is_producer = true). If highest_source = true, pathing will only be to the primary producer element."
ts_data_source_select,"id uuid, metric_key text, timerange tstzrange DEFAULT NULL::tstzrange","Returns the set of time series data in time_series_double format for the given data source id, metric, and time range. While the timezone-aware timerange parameter is used to select the appropriate data, the data is always returned in UTC timezone."
