grid_id,grid_elements,producers,consumers,switchable_elements,underground_elements
GSO_98,5222,47,1611,62,0
GSO_71,5117,15,1547,70,0
GSO_77,5001,29,1516,64,0
GSO_160,4993,23,1309,267,0
GSO_37,4979,41,1528,75,0
GSO_61,4961,25,1515,54,0
GSO_19,4918,29,1491,93,0
GSO_54,4865,31,1446,118,0
GSO_4,4835,19,1471,75,0
SAF_12,4327,181,1493,141,0
GSO_110,4222,39,1273,50,0
GSO_83,4207,31,1264,74,0
GSO_43,4174,15,1225,116,0
GSO_99,4158,25,1238,103,0
GSO_97,4036,19,1193,134,0
GSO_58,3993,23,1203,34,0
GSO_103,3963,23,1191,37,0
GSO_42,3858,25,1161,29,0
GSO_159,3805,29,960,174,0
GSO_104,3635,29,1098,24,0
GSO_105,3588,21,1072,70,0
SAF_16,3583,125,1238,107,0
SAF_53,3434,119,1139,195,0
GSO_6,3404,3,977,37,0
SAF_33,3396,111,1133,120,0
GSO_117,3390,11,986,153,0
GSO_156,3374,15,869,112,0
SAF_29,3365,99,1138,53,0
GSO_35,3334,21,1007,65,0
GSO_17,3297,17,1001,22,0
GSO_82,3260,25,989,45,0
GSO_45,3247,15,970,75,0
GSO_95,3236,13,950,77,0
GSO_15,3183,13,948,28,0
SAF_4,3128,129,1097,110,0
GSO_59,3125,15,935,37,0
SAF_25,3096,125,1065,94,0
SAF_11,3088,111,1058,106,0
GSO_52,3064,19,914,54,0
GSO_163,3057,19,877,44,0
GSO_157,3025,11,805,110,0
SAF_17,3002,111,957,195,0
GSO_46,2968,21,879,40,0
SAF_27,2925,119,990,91,0
SAF_26,2919,109,970,118,0
GSO_158,2873,13,783,93,0
GSO_60,2818,21,845,32,0
SAF_44,2805,75,910,90,0
SAF_19,2738,121,882,149,0
SAF_31,2737,89,907,54,0
SAF_56,2696,97,886,131,0
SAF_41,2674,91,867,125,0
SAF_42,2624,121,922,51,0
SAF_15,2614,85,883,93,0
SAF_30,2596,93,856,48,0
GSO_66,2582,15,773,34,0
GSO_14,2540,15,744,37,0
SAF_58,2536,89,854,82,0
SAF_7,2527,89,827,101,0
GSO_143,2523,21,727,77,0
GSO_12,2495,19,759,52,0
GSO_67,2490,15,738,25,0
GSO_13,2480,15,722,66,0
SAF_43,2433,97,829,61,0
GSO_108,2431,21,731,16,0
SAF_32,2402,107,833,23,0
GSO_39,2362,11,687,59,0
SAF_34,2318,69,702,189,0
SAF_37,2302,87,787,50,0
GSO_27,2287,17,666,75,0
GSO_64,2237,23,653,31,0
SAF_6,2216,89,753,53,0
GSO_115,2202,7,626,61,0
SAF_2,2164,81,692,65,0
SAF_47,2154,73,722,52,0
GSO_68,2128,17,618,23,0
GSO_2,2098,17,608,18,0
SAF_50,2089,73,715,25,0
GSO_109,2083,7,587,67,0
SAF_14,2070,89,678,110,0
SAF_57,2069,81,693,121,0
SAF_49,2060,73,606,148,0
GSO_40,2047,17,599,39,0
GSO_11,2044,15,565,88,0
GSO_34,2022,19,605,37,0
GSO_18,2013,11,593,22,0
SAF_45,1991,73,668,19,0
SAF_21,1963,61,609,44,0
SAF_35,1947,69,597,141,0
SAF_38,1943,77,601,26,0
SAF_9,1921,51,645,43,0
SAF_23,1911,59,575,23,0
SAF_46,1909,69,663,14,0
GSO_81,1905,5,519,88,0
SAF_39,1888,83,578,27,0
GSO_86,1870,19,523,94,0
GSO_29,1816,11,529,27,0
GSO_41,1801,17,527,41,0
GSO_80,1791,9,504,69,0
GSO_26,1761,13,495,36,0
SAF_51,1722,83,580,20,0
GSO_22,1703,11,488,46,0
GSO_118,1694,5,449,47,0
GSO_87,1686,9,459,74,0
GSO_10,1678,13,486,12,0
GSO_30,1668,13,487,48,0
GSO_72,1640,15,453,66,0
SAF_18,1638,37,519,21,0
GSO_21,1618,7,433,42,0
SAF_52,1602,69,528,23,0
GSO_16,1515,3,431,15,0
SAF_22,1436,43,461,20,0
GSO_91,1422,5,383,24,0
SAF_13,1390,45,442,77,0
GSO_79,1369,9,367,35,0
SAF_48,1343,53,446,25,0
SAF_54,1315,47,373,116,0
GSO_88,1271,5,332,96,0
SAF_3,1269,51,348,85,0
GSO_155,1245,5,338,29,0
GSO_89,1219,9,324,35,0
SAF_55,1219,45,365,20,0
GSO_114,1212,7,340,17,0
GSO_53,1205,5,330,22,0
SAF_10,1203,49,410,19,0
SAF_36,1199,39,390,23,0
GSO_96,1179,9,319,17,0
SAF_24,1124,39,337,23,0
GSO_23,1070,13,290,26,0
GSO_111,1062,7,298,17,0
GSO_116,1048,5,259,74,0
GSO_32,1026,5,283,15,0
SAF_8,1020,35,317,32,0
GSO_162,970,5,284,12,0
GSO_74,968,5,224,77,0
GSO_101,954,3,246,17,0
GSO_57,922,13,258,27,0
SAF_20,905,31,282,10,0
GSO_5,858,11,222,14,0
GSO_62,833,9,252,7,0
GSO_1,823,1,177,89,0
SAF_28,815,21,278,11,0
GSO_56,793,5,214,46,0
GSO_146,789,5,218,36,0
GSO_85,775,11,200,32,0
GSO_75,758,7,201,14,0
GSO_142,711,3,145,52,0
GSO_92,679,3,153,57,0
GSO_145,659,5,161,36,0
GSO_112,651,7,141,35,0
GSO_153,646,1,146,9,0
GSO_33,642,1,152,19,0
SAF_5,600,25,206,7,0
GSO_151,594,1,147,21,0
GSO_90,572,1,133,13,0
GSO_93,551,1,137,16,0
GSO_94,508,1,116,49,0
GSO_25,477,3,118,12,0
GSO_133,464,3,101,8,0
GSO_36,452,5,95,56,0
GSO_70,423,1,96,9,0
GSO_48,412,3,90,5,0
GSO_148,388,3,93,14,0
GSO_69,382,3,101,7,0
GSO_121,356,5,75,37,0
GSO_135,349,5,86,10,0
GSO_100,349,5,109,3,0
GSO_84,328,3,100,12,0
GSO_139,319,1,76,9,0
Greensboro-Urban_missing,313,0,0,186,0
GSO_119,310,1,94,4,0
GSO_51,310,3,67,5,0
GSO_141,309,1,68,30,0
GSO_78,296,1,87,7,0
GSO_125,293,3,63,17,0
GSO_134,293,5,63,4,0
GSO_138,291,1,74,7,0
GSO_132,277,1,64,5,0
GSO_136,272,1,57,8,0
GSO_137,271,1,56,9,0
GSO_55,253,1,73,12,0
GSO_147,248,3,58,17,0
GSO_47,247,1,62,17,0
GSO_123,235,1,48,4,0
GSO_140,220,3,47,15,0
GSO_154,219,5,49,4,0
GSO_130,208,3,45,3,0
awefice,200,17,42,28,24
GSO_65,199,5,45,2,0
GSO_126,176,1,37,7,0
GSO_129,174,1,37,15,0
GSO_49,158,1,35,5,0
SAF_40,157,3,41,7,0
GSO_63,125,3,37,5,0
GSO_150,119,1,27,3,0
GSO_144,112,1,32,6,0
Santa-Fe_missing,99,0,0,49,0
GSO_106,95,1,28,3,0
GSO_73,93,1,19,11,0
Greensboro-Industrial_missing,82,0,0,48,0
GSO_113,81,1,14,11,0
GSO_124,75,1,17,5,0
GSO_161,73,1,17,3,0
GSO_149,65,1,15,3,0
GSO_7,63,5,20,3,0
GSO_131,62,1,12,2,0
GSO_107,62,1,14,3,0
GSO_128,61,1,16,3,0
SAF_1,60,3,18,2,0
GSO_44,59,1,16,5,0
GSO_50,55,1,17,2,0
GSO_24,54,1,10,4,0
GSO_102,52,1,13,3,0
GSO_28,51,1,15,3,0
GSO_76,43,1,13,2,0
GSO_8,43,1,13,2,0
GSO_9,35,3,10,3,0
GSO_38,34,1,10,2,0
GSO_3,25,1,7,2,0
Greensboro-Rural_missing,23,0,0,14,0
Greensboro-Urban,21,0,0,0,0
GSO_122,14,1,3,2,0
Santa-Fe,12,0,0,0,0
Greensboro-Industrial,8,0,0,0,0
GSO_152,7,1,1,2,0
GSO_20,7,1,1,2,0
GSO_31,4,1,1,2,0
Greensboro-Rural,4,0,0,0,0
GSO_127,4,1,1,2,0
