grid_id,type,customer_type,element_count
GSO_98,ACLineSegment,line_segment,3356
GSO_71,ACLineSegment,line_segment,3280
GSO_77,ACLineSegment,line_segment,3195
GSO_37,ACLineSegment,line_segment,3185
GSO_61,ACLineSegment,line_segment,3179
GSO_19,ACLineSegment,line_segment,3128
GSO_4,ACLineSegment,line_segment,3080
GSO_54,ACLineSegment,line_segment,3063
GSO_160,ACLineSegment,line_segment,2848
GSO_110,ACLineSegment,line_segment,2685
GSO_83,ACLineSegment,line_segment,2674
GSO_99,ACLineSegment,line_segment,2618
GSO_43,ACLineSegment,line_segment,2617
GSO_58,ACLineSegment,line_segment,2548
GSO_103,ACLineSegment,line_segment,2526
GSO_97,ACLineSegment,line_segment,2521
SAF_12,ACLineSegment,line_segment,2467
GSO_42,ACLineSegment,line_segment,2457
GSO_104,ACLineSegment,line_segment,2327
GSO_105,ACLineSegment,line_segment,2271
GSO_6,ACLineSegment,line_segment,2161
GSO_159,ACLineSegment,line_segment,2153
GSO_35,ACLineSegment,line_segment,2124
GSO_17,ACLineSegment,line_segment,2119
GSO_117,ACLineSegment,line_segment,2088
GSO_82,ACLineSegment,line_segment,2074
GSO_45,ACLineSegment,line_segment,2054
GSO_95,ACLineSegment,line_segment,2037
GSO_15,ACLineSegment,line_segment,2036
SAF_16,ACLineSegment,line_segment,2029
GSO_59,ACLineSegment,line_segment,1986
GSO_156,ACLineSegment,line_segment,1950
SAF_29,ACLineSegment,line_segment,1932
GSO_52,ACLineSegment,line_segment,1923
SAF_33,ACLineSegment,line_segment,1902
GSO_163,ACLineSegment,line_segment,1897
GSO_46,ACLineSegment,line_segment,1885
SAF_53,ACLineSegment,line_segment,1880
GSO_60,ACLineSegment,line_segment,1788
SAF_4,ACLineSegment,line_segment,1769
SAF_25,ACLineSegment,line_segment,1762
SAF_11,ACLineSegment,line_segment,1741
GSO_157,ACLineSegment,line_segment,1718
GSO_158,ACLineSegment,line_segment,1701
GSO_66,ACLineSegment,line_segment,1643
SAF_27,ACLineSegment,line_segment,1640
GSO_14,ACLineSegment,line_segment,1606
GSO_67,ACLineSegment,line_segment,1586
GSO_98,Meter,meter,1584
GSO_12,ACLineSegment,line_segment,1577
SAF_17,ACLineSegment,line_segment,1575
SAF_26,ACLineSegment,line_segment,1575
GSO_143,ACLineSegment,line_segment,1561
SAF_44,ACLineSegment,line_segment,1560
SAF_31,ACLineSegment,line_segment,1556
GSO_108,ACLineSegment,line_segment,1551
GSO_13,ACLineSegment,line_segment,1549
GSO_71,Meter,meter,1534
GSO_37,Meter,meter,1500
SAF_41,ACLineSegment,line_segment,1492
GSO_77,Meter,meter,1487
GSO_61,Meter,meter,1486
SAF_19,ACLineSegment,line_segment,1481
SAF_56,ACLineSegment,line_segment,1480
GSO_39,ACLineSegment,line_segment,1479
GSO_19,Meter,meter,1464
SAF_30,ACLineSegment,line_segment,1464
SAF_42,ACLineSegment,line_segment,1458
SAF_15,ACLineSegment,line_segment,1446
SAF_58,ACLineSegment,line_segment,1446
GSO_4,Meter,meter,1437
GSO_27,ACLineSegment,line_segment,1425
GSO_54,Meter,meter,1424
SAF_7,ACLineSegment,line_segment,1414
GSO_64,ACLineSegment,line_segment,1412
SAF_12,Meter,meter,1392
SAF_32,ACLineSegment,line_segment,1385
GSO_115,ACLineSegment,line_segment,1364
SAF_43,ACLineSegment,line_segment,1356
GSO_68,ACLineSegment,line_segment,1345
GSO_2,ACLineSegment,line_segment,1321
GSO_109,ACLineSegment,line_segment,1292
GSO_160,Meter,meter,1281
SAF_37,ACLineSegment,line_segment,1279
GSO_34,ACLineSegment,line_segment,1278
GSO_40,ACLineSegment,line_segment,1277
GSO_18,ACLineSegment,line_segment,1268
GSO_11,ACLineSegment,line_segment,1245
GSO_110,Meter,meter,1245
SAF_6,ACLineSegment,line_segment,1244
GSO_83,Meter,meter,1241
SAF_34,ACLineSegment,line_segment,1222
GSO_99,Meter,meter,1212
GSO_43,Meter,meter,1207
SAF_47,ACLineSegment,line_segment,1207
GSO_97,Meter,meter,1176
GSO_58,Meter,meter,1171
SAF_16,Meter,meter,1171
GSO_103,Meter,meter,1162
SAF_50,ACLineSegment,line_segment,1161
GSO_81,ACLineSegment,line_segment,1152
GSO_29,ACLineSegment,line_segment,1149
SAF_45,ACLineSegment,line_segment,1142
SAF_2,ACLineSegment,line_segment,1135
SAF_57,ACLineSegment,line_segment,1135
GSO_42,Meter,meter,1130
GSO_86,ACLineSegment,line_segment,1126
GSO_41,ACLineSegment,line_segment,1117
SAF_14,ACLineSegment,line_segment,1116
GSO_80,ACLineSegment,line_segment,1101
GSO_26,ACLineSegment,line_segment,1094
SAF_21,ACLineSegment,line_segment,1090
SAF_46,ACLineSegment,line_segment,1089
SAF_9,ACLineSegment,line_segment,1079
SAF_29,Meter,meter,1077
GSO_104,Meter,meter,1075
SAF_53,Meter,meter,1070
GSO_10,ACLineSegment,line_segment,1067
SAF_33,Meter,meter,1066
GSO_22,ACLineSegment,line_segment,1060
SAF_38,ACLineSegment,line_segment,1055
GSO_105,Meter,meter,1053
GSO_30,ACLineSegment,line_segment,1039
GSO_118,ACLineSegment,line_segment,1036
SAF_49,ACLineSegment,line_segment,1027
SAF_23,ACLineSegment,line_segment,1024
SAF_4,Meter,meter,1024
GSO_87,ACLineSegment,line_segment,1017
SAF_35,ACLineSegment,line_segment,1004
GSO_72,ACLineSegment,line_segment,999
SAF_25,Meter,meter,999
SAF_11,Meter,meter,996
GSO_21,ACLineSegment,line_segment,994
GSO_35,Meter,meter,994
SAF_39,ACLineSegment,line_segment,984
GSO_17,Meter,meter,983
GSO_117,Meter,meter,974
GSO_6,Meter,meter,972
GSO_82,Meter,meter,963
GSO_16,ACLineSegment,line_segment,962
GSO_45,Meter,meter,956
GSO_159,Meter,meter,941
SAF_51,ACLineSegment,line_segment,940
GSO_95,Meter,meter,935
GSO_15,Meter,meter,934
SAF_27,Meter,meter,927
GSO_59,Meter,meter,910
SAF_26,Meter,meter,907
SAF_17,Meter,meter,893
GSO_52,Meter,meter,892
SAF_52,ACLineSegment,line_segment,884
GSO_91,ACLineSegment,line_segment,882
SAF_44,Meter,meter,867
GSO_163,Meter,meter,862
GSO_46,Meter,meter,862
SAF_18,ACLineSegment,line_segment,858
SAF_31,Meter,meter,858
SAF_42,Meter,meter,858
GSO_156,Meter,meter,849
GSO_79,ACLineSegment,line_segment,835
SAF_15,Meter,meter,835
SAF_56,Meter,meter,835
GSO_60,Meter,meter,820
SAF_19,Meter,meter,813
SAF_41,Meter,meter,812
SAF_22,ACLineSegment,line_segment,809
SAF_58,Meter,meter,804
SAF_30,Meter,meter,800
GSO_157,Meter,meter,791
SAF_7,Meter,meter,779
SAF_43,Meter,meter,774
SAF_32,Meter,meter,772
GSO_158,Meter,meter,766
GSO_66,Meter,meter,758
SAF_13,ACLineSegment,line_segment,755
GSO_114,ACLineSegment,line_segment,754
GSO_53,ACLineSegment,line_segment,749
SAF_48,ACLineSegment,line_segment,748
GSO_89,ACLineSegment,line_segment,744
GSO_12,Meter,meter,741
GSO_88,ACLineSegment,line_segment,741
GSO_96,ACLineSegment,line_segment,731
SAF_37,Meter,meter,731
GSO_14,Meter,meter,730
GSO_67,Meter,meter,727
GSO_155,ACLineSegment,line_segment,714
GSO_108,Meter,meter,710
GSO_143,Meter,meter,705
GSO_13,Meter,meter,704
SAF_6,Meter,meter,699
SAF_10,ACLineSegment,line_segment,683
SAF_36,ACLineSegment,line_segment,681
SAF_47,Meter,meter,677
GSO_39,Meter,meter,675
SAF_50,Meter,meter,670
SAF_34,Meter,meter,661
GSO_23,ACLineSegment,line_segment,654
GSO_27,Meter,meter,652
GSO_111,ACLineSegment,line_segment,649
SAF_57,Meter,meter,648
SAF_2,Meter,meter,642
GSO_32,ACLineSegment,line_segment,640
GSO_64,Meter,meter,637
SAF_14,Meter,meter,632
SAF_54,ACLineSegment,line_segment,632
SAF_45,Meter,meter,623
SAF_46,Meter,meter,621
GSO_115,Meter,meter,619
SAF_55,ACLineSegment,line_segment,616
SAF_24,ACLineSegment,line_segment,615
SAF_3,ACLineSegment,line_segment,615
GSO_162,ACLineSegment,line_segment,613
SAF_9,Meter,meter,610
GSO_68,Meter,meter,605
GSO_116,ACLineSegment,line_segment,599
GSO_34,Meter,meter,590
GSO_2,Meter,meter,587
GSO_18,Meter,meter,584
GSO_40,Meter,meter,583
GSO_101,ACLineSegment,line_segment,581
GSO_109,Meter,meter,579
SAF_21,Meter,meter,571
GSO_160,Transformer,transformer,568
GSO_57,ACLineSegment,line_segment,566
SAF_49,Meter,meter,561
SAF_38,Meter,meter,558
SAF_35,Meter,meter,555
SAF_8,ACLineSegment,line_segment,552
GSO_11,Meter,meter,551
GSO_74,ACLineSegment,line_segment,548
SAF_23,Meter,meter,543
SAF_39,Meter,meter,532
GSO_62,ACLineSegment,line_segment,531
SAF_51,Meter,meter,531
GSO_29,Meter,meter,520
GSO_159,Transformer,transformer,517
GSO_41,Meter,meter,511
GSO_81,Meter,meter,509
GSO_86,Meter,meter,504
GSO_5,ACLineSegment,line_segment,497
GSO_80,Meter,meter,495
SAF_18,Meter,meter,492
SAF_20,ACLineSegment,line_segment,491
SAF_52,Meter,meter,489
GSO_26,Meter,meter,483
GSO_22,Meter,meter,480
GSO_30,Meter,meter,480
GSO_10,Meter,meter,478
GSO_146,ACLineSegment,line_segment,476
GSO_56,ACLineSegment,line_segment,472
GSO_75,ACLineSegment,line_segment,468
SAF_28,ACLineSegment,line_segment,461
GSO_85,ACLineSegment,line_segment,459
GSO_1,ACLineSegment,line_segment,448
GSO_87,Meter,meter,443
GSO_118,Meter,meter,442
GSO_156,Transformer,transformer,442
GSO_72,Meter,meter,442
SAF_22,Meter,meter,436
GSO_16,Meter,meter,428
GSO_21,Meter,meter,424
SAF_13,Meter,meter,416
SAF_48,Meter,meter,413
GSO_142,ACLineSegment,line_segment,395
GSO_157,Transformer,transformer,391
SAF_10,Meter,meter,386
GSO_92,ACLineSegment,line_segment,379
GSO_91,Meter,meter,378
GSO_33,ACLineSegment,line_segment,375
GSO_145,ACLineSegment,line_segment,374
GSO_112,ACLineSegment,line_segment,371
SAF_36,Meter,meter,368
GSO_153,ACLineSegment,line_segment,364
GSO_79,Meter,meter,357
GSO_151,ACLineSegment,line_segment,353
SAF_54,Meter,meter,346
SAF_55,Meter,meter,340
GSO_90,ACLineSegment,line_segment,337
GSO_155,Meter,meter,332
GSO_114,Meter,meter,331
SAF_5,ACLineSegment,line_segment,331
GSO_93,ACLineSegment,line_segment,329
GSO_53,Meter,meter,328
GSO_88,Meter,meter,323
SAF_24,Meter,meter,316
SAF_3,Meter,meter,316
GSO_89,Meter,meter,315
GSO_96,Meter,meter,311
SAF_8,Meter,meter,300
SAF_39,Transformer,transformer,298
GSO_158,Transformer,transformer,295
GSO_111,Meter,meter,290
SAF_23,Transformer,transformer,288
GSO_94,ACLineSegment,line_segment,282
GSO_23,Meter,meter,280
GSO_32,Meter,meter,280
GSO_162,Meter,meter,279
SAF_49,Transformer,transformer,278
GSO_25,ACLineSegment,line_segment,275
SAF_17,Transformer,transformer,274
GSO_133,ACLineSegment,line_segment,270
SAF_2,Transformer,transformer,270
SAF_20,Meter,meter,265
SAF_28,Meter,meter,264
SAF_38,Transformer,transformer,259
SAF_26,Transformer,transformer,255
GSO_70,ACLineSegment,line_segment,252
GSO_116,Meter,meter,250
GSO_57,Meter,meter,248
GSO_62,Meter,meter,244
GSO_48,ACLineSegment,line_segment,243
SAF_44,Transformer,transformer,243
GSO_101,Meter,meter,241
SAF_29,Transformer,transformer,241
SAF_33,Transformer,transformer,240
SAF_18,Transformer,transformer,239
GSO_163,Transformer,transformer,238
GSO_54,Transformer,transformer,236
GSO_36,ACLineSegment,line_segment,234
GSO_69,ACLineSegment,line_segment,234
GSO_6,Transformer,transformer,226
SAF_30,Transformer,transformer,226
GSO_100,ACLineSegment,line_segment,225
GSO_77,Transformer,transformer,225
SAF_19,Transformer,transformer,225
SAF_12,Transformer,transformer,224
GSO_148,ACLineSegment,line_segment,221
SAF_3,Transformer,transformer,220
GSO_74,Meter,meter,219
SAF_31,Transformer,transformer,219
GSO_71,Transformer,transformer,218
SAF_21,Transformer,transformer,218
SAF_53,Transformer,transformer,218
SAF_55,Transformer,transformer,218
GSO_43,Transformer,transformer,215
GSO_110,Transformer,transformer,213
GSO_146,Meter,meter,213
GSO_5,Meter,meter,212
GSO_61,Transformer,transformer,210
GSO_42,Transformer,transformer,209
GSO_56,Meter,meter,209
SAF_16,Transformer,transformer,209
GSO_103,Transformer,transformer,207
GSO_4,Transformer,transformer,207
GSO_58,Transformer,transformer,207
GSO_19,Transformer,transformer,205
GSO_84,ACLineSegment,line_segment,205
SAF_34,Transformer,transformer,204
SAF_35,Transformer,transformer,204
SAF_27,Transformer,transformer,202
GSO_119,ACLineSegment,line_segment,199
GSO_75,Meter,meter,197
GSO_99,Transformer,transformer,197
SAF_56,Transformer,transformer,197
GSO_83,Transformer,transformer,193
SAF_42,Transformer,transformer,193
SAF_54,Transformer,transformer,193
GSO_121,ACLineSegment,line_segment,192
GSO_98,Transformer,transformer,192
SAF_5,Meter,meter,192
GSO_160,Switch,switchable_element-Switch,191
GSO_85,Meter,meter,191
SAF_15,Transformer,transformer,191
GSO_37,Transformer,transformer,190
SAF_41,Transformer,transformer,190
GSO_78,ACLineSegment,line_segment,187
GSO_97,Transformer,transformer,187
SAF_50,Transformer,transformer,186
GSO_104,Transformer,transformer,185
SAF_37,Transformer,transformer,185
SAF_43,Transformer,transformer,185
SAF_7,Transformer,transformer,184
GSO_135,ACLineSegment,line_segment,183
GSO_51,ACLineSegment,line_segment,183
SAF_11,Transformer,transformer,183
SAF_53,Switch,switchable_element-Switch,183
SAF_51,Transformer,transformer,181
SAF_17,Switch,switchable_element-Switch,180
SAF_25,Transformer,transformer,174
GSO_1,Meter,meter,173
GSO_105,Transformer,transformer,173
GSO_138,ACLineSegment,line_segment,173
SAF_34,Switch,switchable_element-Switch,173
GSO_139,ACLineSegment,line_segment,172
GSO_52,Transformer,transformer,172
SAF_47,Transformer,transformer,171
GSO_134,ACLineSegment,line_segment,170
GSO_95,Transformer,transformer,170
GSO_15,Transformer,transformer,168
GSO_141,ACLineSegment,line_segment,167
SAF_52,Transformer,transformer,167
GSO_59,Transformer,transformer,166
SAF_14,Transformer,transformer,165
SAF_6,Transformer,transformer,165
GSO_155,Transformer,transformer,163
GSO_46,Transformer,transformer,163
GSO_117,Transformer,transformer,162
GSO_118,Transformer,transformer,161
SAF_45,Transformer,transformer,161
GSO_125,ACLineSegment,line_segment,160
SAF_32,Transformer,transformer,160
GSO_136,ACLineSegment,line_segment,157
GSO_143,Transformer,transformer,157
GSO_55,ACLineSegment,line_segment,157
GSO_145,Meter,meter,155
GSO_17,Transformer,transformer,155
GSO_132,ACLineSegment,line_segment,154
GSO_137,ACLineSegment,line_segment,154
SAF_58,Transformer,transformer,153
GSO_60,Transformer,transformer,152
SAF_9,Transformer,transformer,152
GSO_14,Transformer,transformer,151
GSO_82,Transformer,transformer,151
SAF_4,Transformer,transformer,151
GSO_115,Transformer,transformer,150
GSO_2,Transformer,transformer,150
GSO_21,Transformer,transformer,149
GSO_33,Meter,meter,149
GSO_92,Meter,meter,148
SAF_24,Transformer,transformer,148
GSO_45,Transformer,transformer,147
GSO_11,Transformer,transformer,146
GSO_153,Meter,meter,146
GSO_151,Meter,meter,145
SAF_22,Transformer,transformer,145
GSO_117,Switch,switchable_element-Switch,143
GSO_81,Transformer,transformer,143
GSO_13,Transformer,transformer,142
SAF_46,Transformer,transformer,142
GSO_68,Transformer,transformer,141
GSO_142,Meter,meter,140
GSO_47,ACLineSegment,line_segment,140
GSO_64,Transformer,transformer,140
GSO_67,Transformer,transformer,139
GSO_147,ACLineSegment,line_segment,138
GSO_35,Transformer,transformer,138
GSO_112,Meter,meter,137
GSO_109,Transformer,transformer,136
GSO_39,Transformer,transformer,136
GSO_123,ACLineSegment,line_segment,135
SAF_49,Switch,switchable_element-Switch,135
GSO_26,Transformer,transformer,134
GSO_87,Transformer,transformer,134
GSO_108,Transformer,transformer,132
GSO_91,Transformer,transformer,132
GSO_40,Transformer,transformer,131
GSO_66,Transformer,transformer,131
GSO_93,Meter,meter,131
GSO_79,Transformer,transformer,130
GSO_18,Transformer,transformer,128
Greensboro-Urban_missing,ACLineSegment,line_segment,127
GSO_153,Transformer,transformer,127
GSO_154,ACLineSegment,line_segment,127
Greensboro-Urban_missing,Switch,switchable_element-Switch,126
GSO_90,Meter,meter,126
GSO_5,Transformer,transformer,125
SAF_12,Switch,switchable_element-Switch,125
GSO_86,Transformer,transformer,124
SAF_35,Switch,switchable_element-Switch,124
SAF_48,Transformer,transformer,124
SAF_20,Transformer,transformer,122
GSO_27,Transformer,transformer,121
GSO_140,ACLineSegment,line_segment,120
GSO_72,Transformer,transformer,120
SAF_19,Switch,switchable_element-Switch,120
SAF_57,Transformer,transformer,120
GSO_65,ACLineSegment,line_segment,119
GSO_74,Transformer,transformer,119
GSO_130,ACLineSegment,line_segment,118
GSO_142,Transformer,transformer,118
SAF_8,Transformer,transformer,118
SAF_57,Switch,switchable_element-Switch,117
GSO_80,Transformer,transformer,116
SAF_41,Switch,switchable_element-Switch,116
GSO_41,Transformer,transformer,115
GSO_89,Transformer,transformer,115
GSO_116,Transformer,transformer,114
GSO_25,Meter,meter,114
GSO_94,Meter,meter,114
SAF_13,Transformer,transformer,114
GSO_97,Switch,switchable_element-Switch,113
GSO_10,Transformer,transformer,112
GSO_96,Transformer,transformer,112
GSO_29,Transformer,transformer,110
GSO_1,Transformer,transformer,108
GSO_101,Transformer,transformer,108
GSO_100,Meter,meter,107
GSO_16,Transformer,transformer,107
GSO_22,Transformer,transformer,107
SAF_56,Switch,switchable_element-Switch,106
GSO_12,Transformer,transformer,105
SAF_36,Transformer,transformer,105
GSO_112,Transformer,transformer,104
GSO_88,Transformer,transformer,102
GSO_53,Transformer,transformer,101
SAF_54,Switch,switchable_element-Switch,101
GSO_126,ACLineSegment,line_segment,100
GSO_34,Transformer,transformer,100
GSO_69,Meter,meter,100
GSO_114,Transformer,transformer,99
GSO_133,Meter,meter,99
GSO_23,Transformer,transformer,98
SAF_26,Switch,switchable_element-Switch,98
GSO_159,Switch,switchable_element-Switch,97
GSO_43,Switch,switchable_element-Switch,97
GSO_84,Meter,meter,97
GSO_111,Transformer,transformer,96
GSO_129,ACLineSegment,line_segment,95
GSO_33,Transformer,transformer,95
GSO_70,Meter,meter,94
GSO_119,Meter,meter,93
GSO_30,Transformer,transformer,93
SAF_14,Switch,switchable_element-Switch,93
SAF_4,Switch,switchable_element-Switch,92
SAF_11,Switch,switchable_element-Switch,91
SAF_10,Transformer,transformer,90
SAF_12,Photovoltaic,photovoltaic,90
SAF_33,Switch,switchable_element-Switch,90
GSO_148,Meter,meter,89
GSO_48,Meter,meter,89
GSO_49,ACLineSegment,line_segment,89
GSO_90,Transformer,transformer,89
GSO_36,Meter,meter,88
GSO_88,Switch,switchable_element-Switch,88
GSO_92,Transformer,transformer,88
SAF_16,Switch,switchable_element-Switch,88
GSO_54,Switch,switchable_element-Switch,87
GSO_145,Transformer,transformer,86
GSO_32,Transformer,transformer,86
GSO_78,Meter,meter,86
SAF_7,Switch,switchable_element-Switch,86
GSO_133,Transformer,transformer,85
awefice,ACLineSegment,line_segment,84
GSO_85,Transformer,transformer,84
GSO_1,Switch,switchable_element-Switch,82
GSO_135,Meter,meter,82
SAF_40,ACLineSegment,line_segment,80
SAF_25,Switch,switchable_element-Switch,79
GSO_11,Switch,switchable_element-Switch,78
GSO_86,Switch,switchable_element-Switch,78
GSO_63,ACLineSegment,line_segment,77
GSO_156,Fuse,switchable_element-Fuse,76
GSO_138,Meter,meter,74
GSO_139,Meter,meter,74
GSO_75,Transformer,transformer,74
GSO_159,Fuse,switchable_element-Fuse,73
GSO_48,Transformer,transformer,73
GSO_55,Meter,meter,73
GSO_121,Meter,meter,72
GSO_160,Fuse,switchable_element-Fuse,72
GSO_81,Switch,switchable_element-Switch,72
GSO_151,Transformer,transformer,71
SAF_27,Switch,switchable_element-Switch,71
SAF_3,Switch,switchable_element-Switch,71
GSO_25,Transformer,transformer,70
GSO_57,Transformer,transformer,70
GSO_144,ACLineSegment,line_segment,69
GSO_93,Transformer,transformer,69
GSO_99,Switch,switchable_element-Switch,69
GSO_141,Meter,meter,68
GSO_135,Transformer,transformer,67
GSO_150,ACLineSegment,line_segment,67
GSO_36,Transformer,transformer,67
GSO_51,Meter,meter,66
GSO_70,Transformer,transformer,66
SAF_58,Switch,switchable_element-Switch,66
SAF_28,Transformer,transformer,65
GSO_19,Switch,switchable_element-Switch,64
SAF_4,Photovoltaic,photovoltaic,64
GSO_125,Meter,meter,62
GSO_132,Meter,meter,62
GSO_74,Switch,switchable_element-Switch,62
SAF_16,Photovoltaic,photovoltaic,62
SAF_25,Photovoltaic,photovoltaic,62
GSO_116,Switch,switchable_element-Switch,61
GSO_134,Meter,meter,61
GSO_162,Transformer,transformer,61
GSO_94,Transformer,transformer,61
GSO_106,ACLineSegment,line_segment,60
GSO_139,Transformer,transformer,60
GSO_56,Transformer,transformer,60
SAF_19,Photovoltaic,photovoltaic,60
SAF_42,Photovoltaic,photovoltaic,60
GSO_148,Transformer,transformer,59
GSO_157,Fuse,switchable_element-Fuse,59
GSO_47,Meter,meter,59
SAF_27,Photovoltaic,photovoltaic,59
SAF_53,Photovoltaic,photovoltaic,59
SAF_13,Switch,switchable_element-Switch,58
SAF_15,Switch,switchable_element-Switch,58
GSO_109,Switch,switchable_element-Switch,57
GSO_146,Transformer,transformer,57
GSO_147,Meter,meter,57
GSO_72,Switch,switchable_element-Switch,57
GSO_80,Switch,switchable_element-Switch,57
GSO_134,Transformer,transformer,56
SAF_5,Transformer,transformer,56
GSO_136,Meter,meter,55
GSO_137,Meter,meter,55
GSO_27,Switch,switchable_element-Switch,55
GSO_45,Switch,switchable_element-Switch,55
GSO_87,Switch,switchable_element-Switch,55
SAF_11,Photovoltaic,photovoltaic,55
SAF_17,Photovoltaic,photovoltaic,55
SAF_33,Photovoltaic,photovoltaic,55
SAF_44,Switch,switchable_element-Switch,55
GSO_51,Transformer,transformer,54
GSO_95,Switch,switchable_element-Switch,54
SAF_26,Photovoltaic,photovoltaic,54
SAF_32,Photovoltaic,photovoltaic,53
GSO_121,Transformer,transformer,52
GSO_137,Transformer,transformer,51
GSO_36,Switch,switchable_element-Switch,51
GSO_37,Switch,switchable_element-Switch,51
GSO_125,Transformer,transformer,50
GSO_13,Switch,switchable_element-Switch,50
GSO_132,Transformer,transformer,50
GSO_136,Transformer,transformer,50
GSO_143,Switch,switchable_element-Switch,50
GSO_158,Switch,switchable_element-Switch,50
Santa-Fe_missing,ACLineSegment,line_segment,50
GSO_105,Switch,switchable_element-Switch,49
SAF_29,Photovoltaic,photovoltaic,49
Santa-Fe_missing,Switch,switchable_element-Switch,49
GSO_73,ACLineSegment,line_segment,48
SAF_43,Photovoltaic,photovoltaic,48
SAF_56,Photovoltaic,photovoltaic,48
GSO_123,Meter,meter,47
GSO_154,Meter,meter,47
GSO_157,Switch,switchable_element-Switch,47
GSO_115,Switch,switchable_element-Switch,46
GSO_140,Meter,meter,46
GSO_92,Switch,switchable_element-Switch,46
SAF_30,Photovoltaic,photovoltaic,46
SAF_41,Photovoltaic,photovoltaic,45
GSO_123,Transformer,transformer,44
GSO_130,Meter,meter,44
GSO_4,Switch,switchable_element-Switch,44
GSO_83,Switch,switchable_element-Switch,44
SAF_14,Photovoltaic,photovoltaic,44
SAF_31,Photovoltaic,photovoltaic,44
SAF_58,Photovoltaic,photovoltaic,44
SAF_6,Photovoltaic,photovoltaic,44
SAF_7,Photovoltaic,photovoltaic,44
GSO_141,Transformer,transformer,43
GSO_35,Switch,switchable_element-Switch,43
GSO_62,Transformer,transformer,43
GSO_65,Meter,meter,43
SAF_2,Switch,switchable_element-Switch,43
SAF_37,Photovoltaic,photovoltaic,43
GSO_113,ACLineSegment,line_segment,42
GSO_130,Transformer,transformer,42
GSO_161,ACLineSegment,line_segment,42
SAF_15,Photovoltaic,photovoltaic,42
GSO_163,Fuse,switchable_element-Fuse,41
GSO_94,Switch,switchable_element-Switch,41
SAF_39,Photovoltaic,photovoltaic,41
SAF_51,Photovoltaic,photovoltaic,41
Greensboro-Urban_missing,Fuse,switchable_element-Fuse,40
GSO_12,Switch,switchable_element-Switch,40
GSO_124,ACLineSegment,line_segment,40
GSO_158,Fuse,switchable_element-Fuse,40
GSO_39,Switch,switchable_element-Switch,40
SAF_2,Photovoltaic,photovoltaic,40
SAF_57,Photovoltaic,photovoltaic,40
GSO_142,Switch,switchable_element-Switch,39
GSO_154,Transformer,transformer,39
GSO_52,Switch,switchable_element-Switch,39
SAF_30,Fuse,switchable_element-Fuse,39
SAF_40,Meter,meter,39
GSO_140,Transformer,transformer,38
GSO_56,Switch,switchable_element-Switch,38
GSO_69,Transformer,transformer,38
GSO_7,ACLineSegment,line_segment,38
SAF_38,Photovoltaic,photovoltaic,38
SAF_43,Switch,switchable_element-Switch,38
GSO_126,Meter,meter,37
GSO_129,Meter,meter,37
GSO_149,ACLineSegment,line_segment,37
SAF_44,Photovoltaic,photovoltaic,37
GSO_131,ACLineSegment,line_segment,36
GSO_63,Meter,meter,36
GSO_71,Switch,switchable_element-Switch,36
GSO_77,Fuse,switchable_element-Fuse,36
SAF_29,Switch,switchable_element-Switch,36
SAF_45,Photovoltaic,photovoltaic,36
SAF_47,Photovoltaic,photovoltaic,36
SAF_49,Photovoltaic,photovoltaic,36
SAF_50,Photovoltaic,photovoltaic,36
GSO_138,Transformer,transformer,35
GSO_30,Switch,switchable_element-Switch,35
GSO_49,Meter,meter,35
GSO_50,ACLineSegment,line_segment,35
GSO_6,Fuse,switchable_element-Fuse,35
Greensboro-Industrial_missing,ACLineSegment,line_segment,34
Greensboro-Industrial_missing,Switch,switchable_element-Switch,34
GSO_107,ACLineSegment,line_segment,34
GSO_147,Transformer,transformer,34
GSO_44,ACLineSegment,line_segment,34
SAF_34,Photovoltaic,photovoltaic,34
SAF_35,Photovoltaic,photovoltaic,34
SAF_46,Photovoltaic,photovoltaic,34
SAF_52,Photovoltaic,photovoltaic,34
GSO_103,Fuse,switchable_element-Fuse,33
GSO_156,Switch,switchable_element-Switch,33
GSO_22,Switch,switchable_element-Switch,33
GSO_65,Transformer,transformer,33
SAF_15,Fuse,switchable_element-Fuse,33
SAF_44,Fuse,switchable_element-Fuse,33
GSO_110,Fuse,switchable_element-Fuse,32
GSO_121,Switch,switchable_element-Switch,32
GSO_126,Transformer,transformer,32
GSO_144,Meter,meter,32
GSO_98,Fuse,switchable_element-Fuse,32
SAF_21,Fuse,switchable_element-Fuse,32
GSO_128,ACLineSegment,line_segment,31
GSO_71,Fuse,switchable_element-Fuse,31
GSO_99,Fuse,switchable_element-Fuse,31
GSO_102,ACLineSegment,line_segment,30
GSO_24,ACLineSegment,line_segment,30
SAF_21,Photovoltaic,photovoltaic,30
SAF_47,Switch,switchable_element-Switch,30
GSO_21,Switch,switchable_element-Switch,29
GSO_4,Fuse,switchable_element-Fuse,29
GSO_60,Fuse,switchable_element-Fuse,29
GSO_61,Fuse,switchable_element-Fuse,29
SAF_1,ACLineSegment,line_segment,29
SAF_23,Photovoltaic,photovoltaic,29
SAF_40,Transformer,transformer,29
GSO_106,Meter,meter,28
GSO_46,Fuse,switchable_element-Fuse,28
GSO_49,Transformer,transformer,28
GSO_54,Fuse,switchable_element-Fuse,28
SAF_33,Fuse,switchable_element-Fuse,28
awefice,Meter,meter,27
GSO_129,Transformer,transformer,27
GSO_150,Meter,meter,27
GSO_47,Transformer,transformer,27
GSO_76,ACLineSegment,line_segment,27
GSO_8,ACLineSegment,line_segment,27
GSO_83,Fuse,switchable_element-Fuse,27
GSO_98,Switch,switchable_element-Switch,27
SAF_19,Fuse,switchable_element-Fuse,27
SAF_31,Switch,switchable_element-Switch,27
SAF_37,Fuse,switchable_element-Fuse,27
SAF_42,Fuse,switchable_element-Fuse,27
SAF_6,Switch,switchable_element-Switch,27
GSO_118,Switch,switchable_element-Switch,26
GSO_155,Fuse,switchable_element-Fuse,26
GSO_19,Fuse,switchable_element-Fuse,26
GSO_42,Fuse,switchable_element-Fuse,26
SAF_48,Photovoltaic,photovoltaic,26
GSO_141,Switch,switchable_element-Switch,25
GSO_145,Switch,switchable_element-Switch,25
GSO_4,EVCharger,ev_charger,25
GSO_77,Switch,switchable_element-Switch,25
GSO_82,Switch,switchable_element-Switch,25
SAF_3,Photovoltaic,photovoltaic,25
SAF_31,Fuse,switchable_element-Fuse,25
SAF_39,Fuse,switchable_element-Fuse,25
SAF_9,Photovoltaic,photovoltaic,25
GSO_112,Switch,switchable_element-Switch,24
GSO_146,Switch,switchable_element-Switch,24
GSO_66,Fuse,switchable_element-Fuse,24
SAF_10,Photovoltaic,photovoltaic,24
SAF_38,Fuse,switchable_element-Fuse,24
SAF_6,Fuse,switchable_element-Fuse,24
awefice,Pole,pole,23
GSO_143,Fuse,switchable_element-Fuse,23
GSO_15,Fuse,switchable_element-Fuse,23
GSO_28,ACLineSegment,line_segment,23
GSO_40,Switch,switchable_element-Switch,23
GSO_41,Switch,switchable_element-Switch,23
GSO_59,Fuse,switchable_element-Fuse,23
GSO_61,Switch,switchable_element-Switch,23
GSO_98,Photovoltaic,photovoltaic,23
SAF_48,Fuse,switchable_element-Fuse,23
SAF_54,Photovoltaic,photovoltaic,23
SAF_56,Fuse,switchable_element-Fuse,23
GSO_37,Fuse,switchable_element-Fuse,22
GSO_64,Fuse,switchable_element-Fuse,22
SAF_13,Photovoltaic,photovoltaic,22
SAF_42,Switch,switchable_element-Switch,22
SAF_55,Photovoltaic,photovoltaic,22
SAF_8,Switch,switchable_element-Switch,22
SAF_9,Fuse,switchable_element-Fuse,22
GSO_38,ACLineSegment,line_segment,21
GSO_58,EVCharger,ev_charger,21
GSO_67,Fuse,switchable_element-Fuse,21
SAF_22,Photovoltaic,photovoltaic,21
SAF_23,Fuse,switchable_element-Fuse,21
SAF_32,Fuse,switchable_element-Fuse,21
SAF_36,Fuse,switchable_element-Fuse,21
SAF_37,Switch,switchable_element-Switch,21
SAF_43,Fuse,switchable_element-Fuse,21
SAF_50,Fuse,switchable_element-Fuse,21
Greensboro-Urban_missing,Switch,switchable_element-Recloser,20
GSO_104,Fuse,switchable_element-Fuse,20
GSO_14,Fuse,switchable_element-Fuse,20
GSO_26,Switch,switchable_element-Switch,20
GSO_34,Switch,switchable_element-Switch,20
GSO_35,Fuse,switchable_element-Fuse,20
GSO_37,Photovoltaic,photovoltaic,20
GSO_57,Switch,switchable_element-Switch,20
GSO_68,Fuse,switchable_element-Fuse,20
GSO_9,ACLineSegment,line_segment,20
GSO_95,Fuse,switchable_element-Fuse,20
SAF_2,Fuse,switchable_element-Fuse,20
SAF_24,Fuse,switchable_element-Fuse,20
SAF_47,Fuse,switchable_element-Fuse,20
SAF_52,Fuse,switchable_element-Fuse,20
GSO_110,Photovoltaic,photovoltaic,19
GSO_150,Transformer,transformer,19
GSO_17,Fuse,switchable_element-Fuse,19
GSO_42,EVCharger,ev_charger,19
GSO_58,Fuse,switchable_element-Fuse,19
SAF_18,Fuse,switchable_element-Fuse,19
SAF_24,Photovoltaic,photovoltaic,19
SAF_36,Photovoltaic,photovoltaic,19
SAF_9,Switch,switchable_element-Switch,19
Greensboro-Urban,Substation,HV-MV_substation,18
GSO_103,EVCharger,ev_charger,18
GSO_105,Fuse,switchable_element-Fuse,18
GSO_118,Fuse,switchable_element-Fuse,18
GSO_45,Fuse,switchable_element-Fuse,18
GSO_59,EVCharger,ev_charger,18
GSO_7,Meter,meter,18
GSO_82,Fuse,switchable_element-Fuse,18
GSO_97,Fuse,switchable_element-Fuse,18
SAF_18,Photovoltaic,photovoltaic,18
SAF_22,Fuse,switchable_element-Fuse,18
SAF_26,Fuse,switchable_element-Fuse,18
SAF_27,Fuse,switchable_element-Fuse,18
GSO_160,EVCharger,ev_charger,17
GSO_161,Meter,meter,17
GSO_27,Fuse,switchable_element-Fuse,17
GSO_50,Meter,meter,17
GSO_61,EVCharger,ev_charger,17
GSO_73,Meter,meter,17
GSO_79,Switch,switchable_element-Switch,17
GSO_85,Switch,switchable_element-Switch,17
GSO_89,Switch,switchable_element-Switch,17
GSO_91,Fuse,switchable_element-Fuse,17
SAF_1,Meter,meter,17
SAF_13,Fuse,switchable_element-Fuse,17
SAF_16,Fuse,switchable_element-Fuse,17
SAF_45,Fuse,switchable_element-Fuse,17
SAF_51,Fuse,switchable_element-Fuse,17
SAF_8,Photovoltaic,photovoltaic,17
GSO_124,Meter,meter,16
GSO_128,Meter,meter,16
GSO_18,Fuse,switchable_element-Fuse,16
GSO_39,Fuse,switchable_element-Fuse,16
GSO_43,Fuse,switchable_element-Fuse,16
SAF_4,Fuse,switchable_element-Fuse,16
GSO_149,Meter,meter,15
GSO_2,Fuse,switchable_element-Fuse,15
GSO_3,ACLineSegment,line_segment,15
GSO_41,Fuse,switchable_element-Fuse,15
GSO_44,Meter,meter,15
GSO_54,Photovoltaic,photovoltaic,15
GSO_60,EVCharger,ev_charger,15
GSO_73,Transformer,transformer,15
GSO_77,EVCharger,ev_charger,15
GSO_78,Transformer,transformer,15
GSO_83,Photovoltaic,photovoltaic,15
GSO_87,Fuse,switchable_element-Fuse,15
SAF_14,Fuse,switchable_element-Fuse,15
SAF_20,Photovoltaic,photovoltaic,15
SAF_29,Fuse,switchable_element-Fuse,15
SAF_35,Fuse,switchable_element-Fuse,15
GSO_104,Photovoltaic,photovoltaic,14
GSO_107,Meter,meter,14
GSO_110,Switch,switchable_element-Switch,14
GSO_111,Fuse,switchable_element-Fuse,14
GSO_113,Meter,meter,14
GSO_113,Transformer,transformer,14
GSO_114,Fuse,switchable_element-Fuse,14
GSO_14,Switch,switchable_element-Switch,14
GSO_159,Photovoltaic,photovoltaic,14
GSO_19,Photovoltaic,photovoltaic,14
GSO_28,Meter,meter,14
GSO_29,Fuse,switchable_element-Fuse,14
GSO_33,Fuse,switchable_element-Fuse,14
GSO_34,Fuse,switchable_element-Fuse,14
GSO_40,Fuse,switchable_element-Fuse,14
GSO_77,Photovoltaic,photovoltaic,14
GSO_79,Fuse,switchable_element-Fuse,14
GSO_82,EVCharger,ev_charger,14
GSO_89,Fuse,switchable_element-Fuse,14
GSO_96,Fuse,switchable_element-Fuse,14
GSO_99,EVCharger,ev_charger,14
SAF_12,Fuse,switchable_element-Fuse,14
SAF_34,Fuse,switchable_element-Fuse,14
SAF_58,Fuse,switchable_element-Fuse,14
GSO_108,Fuse,switchable_element-Fuse,13
GSO_119,Transformer,transformer,13
GSO_124,Transformer,transformer,13
GSO_13,Fuse,switchable_element-Fuse,13
GSO_156,EVCharger,ev_charger,13
GSO_19,EVCharger,ev_charger,13
GSO_2,EVCharger,ev_charger,13
GSO_26,Fuse,switchable_element-Fuse,13
GSO_52,EVCharger,ev_charger,13
GSO_52,Fuse,switchable_element-Fuse,13
GSO_76,Meter,meter,13
GSO_8,Meter,meter,13
GSO_85,Fuse,switchable_element-Fuse,13
GSO_86,Fuse,switchable_element-Fuse,13
SAF_11,Fuse,switchable_element-Fuse,13
SAF_17,Fuse,switchable_element-Fuse,13
SAF_25,Fuse,switchable_element-Fuse,13
SAF_37,EVCharger,ev_charger,13
SAF_54,Fuse,switchable_element-Fuse,13
SAF_7,Fuse,switchable_element-Fuse,13
awefice,Fuse,switchable_element,12
GSO_100,Transformer,transformer,12
GSO_101,Fuse,switchable_element-Fuse,12
GSO_102,Meter,meter,12
GSO_115,Fuse,switchable_element-Fuse,12
GSO_131,Meter,meter,12
GSO_131,Transformer,transformer,12
GSO_143,EVCharger,ev_charger,12
GSO_147,Switch,switchable_element-Switch,12
GSO_23,Fuse,switchable_element-Fuse,12
GSO_42,Photovoltaic,photovoltaic,12
GSO_47,Switch,switchable_element-Switch,12
GSO_58,Switch,switchable_element-Switch,12
GSO_59,Switch,switchable_element-Switch,12
GSO_61,Photovoltaic,photovoltaic,12
GSO_74,Fuse,switchable_element-Fuse,12
GSO_81,Fuse,switchable_element-Fuse,12
GSO_82,Photovoltaic,photovoltaic,12
GSO_87,EVCharger,ev_charger,12
GSO_93,Fuse,switchable_element-Fuse,12
GSO_99,Photovoltaic,photovoltaic,12
SAF_29,EVCharger,ev_charger,12
SAF_3,Fuse,switchable_element-Fuse,12
SAF_33,EVCharger,ev_charger,12
SAF_46,Fuse,switchable_element-Fuse,12
SAF_5,Photovoltaic,photovoltaic,12
GSO_103,Photovoltaic,photovoltaic,11
GSO_107,Transformer,transformer,11
GSO_108,EVCharger,ev_charger,11
GSO_129,Switch,switchable_element-Switch,11
GSO_13,EVCharger,ev_charger,11
GSO_140,Switch,switchable_element-Switch,11
GSO_158,EVCharger,ev_charger,11
GSO_16,Fuse,switchable_element-Fuse,11
GSO_160,Photovoltaic,photovoltaic,11
GSO_161,Transformer,transformer,11
GSO_43,EVCharger,ev_charger,11
GSO_53,Switch,switchable_element-Switch,11
GSO_55,Transformer,transformer,11
GSO_58,Photovoltaic,photovoltaic,11
GSO_64,Photovoltaic,photovoltaic,11
GSO_84,Transformer,transformer,11
SAF_1,Transformer,transformer,11
SAF_12,EVCharger,ev_charger,11
SAF_49,Fuse,switchable_element-Fuse,11
awefice,CircuitBreaker,switchable_element,10
awefice,Transformer,transformer,10
GSO_105,Photovoltaic,photovoltaic,10
GSO_108,Photovoltaic,photovoltaic,10
GSO_116,Fuse,switchable_element-Fuse,10
GSO_12,Fuse,switchable_element-Fuse,10
GSO_128,Transformer,transformer,10
GSO_142,Fuse,switchable_element-Fuse,10
GSO_143,Photovoltaic,photovoltaic,10
GSO_149,Transformer,transformer,10
GSO_17,EVCharger,ev_charger,10
GSO_21,Fuse,switchable_element-Fuse,10
GSO_22,Fuse,switchable_element-Fuse,10
GSO_23,Switch,switchable_element-Switch,10
GSO_24,Meter,meter,10
GSO_24,Transformer,transformer,10
GSO_29,Switch,switchable_element-Switch,10
GSO_30,Fuse,switchable_element-Fuse,10
GSO_32,Fuse,switchable_element-Fuse,10
GSO_35,Photovoltaic,photovoltaic,10
GSO_38,Meter,meter,10
GSO_46,Photovoltaic,photovoltaic,10
GSO_5,Fuse,switchable_element-Fuse,10
GSO_55,Switch,switchable_element-Switch,10
GSO_60,Photovoltaic,photovoltaic,10
GSO_75,Fuse,switchable_element-Fuse,10
GSO_84,Switch,switchable_element-Switch,10
GSO_86,EVCharger,ev_charger,10
GSO_90,Fuse,switchable_element-Fuse,10
SAF_10,Fuse,switchable_element-Fuse,10
SAF_2,EVCharger,ev_charger,10
SAF_21,Switch,switchable_element-Switch,10
SAF_28,Photovoltaic,photovoltaic,10
SAF_30,EVCharger,ev_charger,10
SAF_41,EVCharger,ev_charger,10
SAF_53,EVCharger,ev_charger,10
SAF_53,Fuse,switchable_element-Fuse,10
SAF_6,EVCharger,ev_charger,10
SAF_9,EVCharger,ev_charger,10
Santa-Fe,Substation,HV-MV_substation,10
Greensboro-Rural_missing,ACLineSegment,line_segment,9
GSO_10,Fuse,switchable_element-Fuse,9
GSO_104,EVCharger,ev_charger,9
GSO_105,EVCharger,ev_charger,9
GSO_110,EVCharger,ev_charger,9
GSO_113,Switch,switchable_element-Switch,9
GSO_12,EVCharger,ev_charger,9
GSO_12,Photovoltaic,photovoltaic,9
GSO_125,Switch,switchable_element-Switch,9
GSO_146,Fuse,switchable_element-Fuse,9
GSO_151,Fuse,switchable_element-Fuse,9
GSO_151,Switch,switchable_element-Switch,9
GSO_157,EVCharger,ev_charger,9
GSO_162,Fuse,switchable_element-Fuse,9
GSO_163,Photovoltaic,photovoltaic,9
GSO_34,Photovoltaic,photovoltaic,9
GSO_4,Photovoltaic,photovoltaic,9
GSO_46,Switch,switchable_element-Switch,9
GSO_52,Photovoltaic,photovoltaic,9
GSO_80,Fuse,switchable_element-Fuse,9
GSO_86,Photovoltaic,photovoltaic,9
GSO_9,Meter,meter,9
GSO_95,EVCharger,ev_charger,9
GSO_97,Photovoltaic,photovoltaic,9
SAF_17,EVCharger,ev_charger,9
SAF_18,EVCharger,ev_charger,9
SAF_19,EVCharger,ev_charger,9
SAF_26,EVCharger,ev_charger,9
SAF_28,Fuse,switchable_element-Fuse,9
SAF_4,EVCharger,ev_charger,9
SAF_45,EVCharger,ev_charger,9
SAF_47,EVCharger,ev_charger,9
SAF_49,EVCharger,ev_charger,9
SAF_50,EVCharger,ev_charger,9
SAF_55,Fuse,switchable_element-Fuse,9
SAF_55,Switch,switchable_element-Switch,9
GSO_112,Fuse,switchable_element-Fuse,8
GSO_117,Fuse,switchable_element-Fuse,8
GSO_145,Fuse,switchable_element-Fuse,8
GSO_148,Fuse,switchable_element-Fuse,8
GSO_15,EVCharger,ev_charger,8
GSO_17,Photovoltaic,photovoltaic,8
GSO_2,Photovoltaic,photovoltaic,8
GSO_25,Fuse,switchable_element-Fuse,8
GSO_27,Photovoltaic,photovoltaic,8
GSO_28,Transformer,transformer,8
GSO_37,EVCharger,ev_charger,8
GSO_40,EVCharger,ev_charger,8
GSO_40,Photovoltaic,photovoltaic,8
GSO_41,EVCharger,ev_charger,8
GSO_41,Photovoltaic,photovoltaic,8
GSO_53,Fuse,switchable_element-Fuse,8
GSO_66,EVCharger,ev_charger,8
GSO_66,Switch,switchable_element-Switch,8
GSO_68,Photovoltaic,photovoltaic,8
GSO_81,EVCharger,ev_charger,8
GSO_83,EVCharger,ev_charger,8
GSO_92,Fuse,switchable_element-Fuse,8
GSO_97,EVCharger,ev_charger,8
SAF_20,Fuse,switchable_element-Fuse,8
SAF_21,EVCharger,ev_charger,8
SAF_32,EVCharger,ev_charger,8
SAF_35,EVCharger,ev_charger,8
SAF_46,EVCharger,ev_charger,8
SAF_51,EVCharger,ev_charger,8
SAF_8,Fuse,switchable_element-Fuse,8
Greensboro-Industrial,Substation,HV-MV_substation,7
Greensboro-Industrial_missing,Fuse,switchable_element-Fuse,7
Greensboro-Industrial_missing,Switch,switchable_element-Recloser,7
Greensboro-Rural_missing,Switch,switchable_element-Switch,7
GSO_109,Fuse,switchable_element-Fuse,7
GSO_11,EVCharger,ev_charger,7
GSO_11,Fuse,switchable_element-Fuse,7
GSO_11,Photovoltaic,photovoltaic,7
GSO_116,EVCharger,ev_charger,7
GSO_117,EVCharger,ev_charger,7
GSO_122,ACLineSegment,line_segment,7
GSO_13,Photovoltaic,photovoltaic,7
GSO_14,EVCharger,ev_charger,7
GSO_14,Photovoltaic,photovoltaic,7
GSO_156,Photovoltaic,photovoltaic,7
GSO_3,Meter,meter,7
GSO_39,EVCharger,ev_charger,7
GSO_43,Photovoltaic,photovoltaic,7
GSO_45,EVCharger,ev_charger,7
GSO_45,Photovoltaic,photovoltaic,7
GSO_46,EVCharger,ev_charger,7
GSO_54,EVCharger,ev_charger,7
GSO_59,Photovoltaic,photovoltaic,7
GSO_66,Photovoltaic,photovoltaic,7
GSO_67,Photovoltaic,photovoltaic,7
GSO_71,Photovoltaic,photovoltaic,7
GSO_72,Photovoltaic,photovoltaic,7
GSO_73,Switch,switchable_element-Switch,7
GSO_88,EVCharger,ev_charger,7
GSO_90,EVCharger,ev_charger,7
SAF_10,Switch,switchable_element-Switch,7
SAF_11,EVCharger,ev_charger,7
SAF_3,EVCharger,ev_charger,7
SAF_30,Switch,switchable_element-Switch,7
SAF_34,EVCharger,ev_charger,7
SAF_41,Fuse,switchable_element-Fuse,7
SAF_43,EVCharger,ev_charger,7
SAF_48,EVCharger,ev_charger,7
awefice,Jumper,jumper,6
awefice,Photovoltaic,photovoltaic,6
GSO_10,Photovoltaic,photovoltaic,6
GSO_102,Transformer,transformer,6
GSO_114,EVCharger,ev_charger,6
GSO_135,Fuse,switchable_element-Fuse,6
GSO_136,Fuse,switchable_element-Fuse,6
GSO_137,Switch,switchable_element-Switch,6
GSO_15,Photovoltaic,photovoltaic,6
GSO_153,Fuse,switchable_element-Fuse,6
GSO_158,Photovoltaic,photovoltaic,6
GSO_163,EVCharger,ev_charger,6
GSO_21,EVCharger,ev_charger,6
GSO_23,Photovoltaic,photovoltaic,6
GSO_26,EVCharger,ev_charger,6
GSO_26,Photovoltaic,photovoltaic,6
GSO_27,EVCharger,ev_charger,6
GSO_30,Photovoltaic,photovoltaic,6
GSO_34,EVCharger,ev_charger,6
GSO_56,Fuse,switchable_element-Fuse,6
GSO_57,Photovoltaic,photovoltaic,6
GSO_63,Transformer,transformer,6
GSO_70,Fuse,switchable_element-Fuse,6
GSO_71,EVCharger,ev_charger,6
GSO_72,Fuse,switchable_element-Fuse,6
GSO_79,EVCharger,ev_charger,6
GSO_88,Fuse,switchable_element-Fuse,6
GSO_93,EVCharger,ev_charger,6
GSO_94,Fuse,switchable_element-Fuse,6
GSO_95,Photovoltaic,photovoltaic,6
SAF_15,EVCharger,ev_charger,6
SAF_44,EVCharger,ev_charger,6
SAF_58,EVCharger,ev_charger,6
awefice,EVCharger,ev_charger,5
Greensboro-Rural_missing,Switch,switchable_element-Recloser,5
GSO_109,EVCharger,ev_charger,5
GSO_111,EVCharger,ev_charger,5
GSO_117,Photovoltaic,photovoltaic,5
GSO_118,EVCharger,ev_charger,5
GSO_133,Fuse,switchable_element-Fuse,5
GSO_139,Fuse,switchable_element-Fuse,5
GSO_144,Transformer,transformer,5
GSO_157,Photovoltaic,photovoltaic,5
GSO_159,EVCharger,ev_charger,5
GSO_18,Photovoltaic,photovoltaic,5
GSO_22,Photovoltaic,photovoltaic,5
GSO_29,Photovoltaic,photovoltaic,5
GSO_36,EVCharger,ev_charger,5
GSO_39,Photovoltaic,photovoltaic,5
GSO_5,EVCharger,ev_charger,5
GSO_5,Photovoltaic,photovoltaic,5
GSO_62,Fuse,switchable_element-Fuse,5
GSO_64,EVCharger,ev_charger,5
GSO_64,Switch,switchable_element-Switch,5
GSO_68,EVCharger,ev_charger,5
GSO_80,EVCharger,ev_charger,5
GSO_85,Photovoltaic,photovoltaic,5
GSO_89,EVCharger,ev_charger,5
SAF_16,EVCharger,ev_charger,5
SAF_31,EVCharger,ev_charger,5
SAF_38,EVCharger,ev_charger,5
SAF_39,EVCharger,ev_charger,5
SAF_40,Fuse,switchable_element-Fuse,5
SAF_5,Fuse,switchable_element-Fuse,5
SAF_52,EVCharger,ev_charger,5
SAF_57,EVCharger,ev_charger,5
awefice,Battery,battery,4
awefice,Cabinet,cabinet,4
awefice,Disconnector,switchable_element,4
GSO_1,EVCharger,ev_charger,4
GSO_1,Fuse,switchable_element-Fuse,4
GSO_101,EVCharger,ev_charger,4
GSO_106,Transformer,transformer,4
GSO_115,EVCharger,ev_charger,4
GSO_123,Capacitor,capacitor,4
GSO_125,Fuse,switchable_element-Fuse,4
GSO_132,Capacitor,capacitor,4
GSO_138,Fuse,switchable_element-Fuse,4
GSO_142,EVCharger,ev_charger,4
GSO_145,EVCharger,ev_charger,4
GSO_155,EVCharger,ev_charger,4
GSO_18,EVCharger,ev_charger,4
GSO_23,EVCharger,ev_charger,4
GSO_29,EVCharger,ev_charger,4
GSO_44,Transformer,transformer,4
GSO_57,EVCharger,ev_charger,4
GSO_57,Fuse,switchable_element-Fuse,4
GSO_6,EVCharger,ev_charger,4
GSO_62,EVCharger,ev_charger,4
GSO_62,Photovoltaic,photovoltaic,4
GSO_67,EVCharger,ev_charger,4
GSO_69,Fuse,switchable_element-Fuse,4
GSO_72,EVCharger,ev_charger,4
GSO_78,Switch,switchable_element-Switch,4
GSO_79,Photovoltaic,photovoltaic,4
GSO_80,Photovoltaic,photovoltaic,4
GSO_85,EVCharger,ev_charger,4
GSO_87,Photovoltaic,photovoltaic,4
GSO_89,Photovoltaic,photovoltaic,4
GSO_92,EVCharger,ev_charger,4
GSO_96,EVCharger,ev_charger,4
GSO_96,Photovoltaic,photovoltaic,4
GSO_98,EVCharger,ev_charger,4
SAF_13,EVCharger,ev_charger,4
SAF_22,EVCharger,ev_charger,4
SAF_25,EVCharger,ev_charger,4
SAF_27,EVCharger,ev_charger,4
SAF_28,EVCharger,ev_charger,4
SAF_42,EVCharger,ev_charger,4
SAF_54,EVCharger,ev_charger,4
SAF_7,EVCharger,ev_charger,4
Greensboro-Rural,Substation,HV-MV_substation,3
Greensboro-Urban,Substation,VHV-HV_substation,3
GSO_101,Switch,switchable_element-Recloser,3
GSO_104,Switch,switchable_element-Recloser,3
GSO_109,Photovoltaic,photovoltaic,3
GSO_110,Switch,switchable_element-Recloser,3
GSO_111,Photovoltaic,photovoltaic,3
GSO_112,Photovoltaic,photovoltaic,3
GSO_114,Photovoltaic,photovoltaic,3
GSO_115,Photovoltaic,photovoltaic,3
GSO_122,Meter,meter,3
GSO_125,Capacitor,capacitor,3
GSO_125,Switch,switchable_element-Recloser,3
GSO_126,Fuse,switchable_element-Fuse,3
GSO_132,Fuse,switchable_element-Fuse,3
GSO_135,Capacitor,capacitor,3
GSO_141,Switch,switchable_element-Recloser,3
GSO_143,Switch,switchable_element-Recloser,3
GSO_144,Switch,switchable_element-Switch,3
GSO_146,EVCharger,ev_charger,3
GSO_147,Fuse,switchable_element-Fuse,3
GSO_148,EVCharger,ev_charger,3
GSO_148,Switch,switchable_element-Switch,3
GSO_15,Capacitor,capacitor,3
GSO_150,Capacitor,capacitor,3
GSO_152,ACLineSegment,line_segment,3
GSO_157,Switch,switchable_element-Recloser,3
GSO_159,Switch,switchable_element-Recloser,3
GSO_160,Switch,switchable_element-Recloser,3
GSO_162,EVCharger,ev_charger,3
GSO_18,Switch,switchable_element-Switch,3
GSO_20,ACLineSegment,line_segment,3
GSO_21,Photovoltaic,photovoltaic,3
GSO_22,EVCharger,ev_charger,3
GSO_23,Switch,switchable_element-Recloser,3
GSO_25,EVCharger,ev_charger,3
GSO_33,EVCharger,ev_charger,3
GSO_33,Switch,switchable_element-Recloser,3
GSO_35,EVCharger,ev_charger,3
GSO_36,Fuse,switchable_element-Fuse,3
GSO_47,EVCharger,ev_charger,3
GSO_47,Fuse,switchable_element-Fuse,3
GSO_49,Fuse,switchable_element-Fuse,3
GSO_51,Fuse,switchable_element-Fuse,3
GSO_53,Capacitor,capacitor,3
GSO_56,EVCharger,ev_charger,3
GSO_6,Capacitor,capacitor,3
GSO_61,Capacitor,capacitor,3
GSO_63,Fuse,switchable_element-Fuse,3
GSO_64,Switch,switchable_element-Recloser,3
GSO_74,EVCharger,ev_charger,3
GSO_75,Photovoltaic,photovoltaic,3
GSO_79,Switch,switchable_element-Recloser,3
GSO_81,Capacitor,capacitor,3
GSO_81,Switch,switchable_element-Recloser,3
GSO_86,Capacitor,capacitor,3
GSO_87,Switch,switchable_element-Recloser,3
GSO_89,Switch,switchable_element-Recloser,3
GSO_91,EVCharger,ev_charger,3
GSO_91,Switch,switchable_element-Recloser,3
GSO_91,Switch,switchable_element-Switch,3
SAF_23,EVCharger,ev_charger,3
SAF_36,EVCharger,ev_charger,3
SAF_55,EVCharger,ev_charger,3
SAF_56,EVCharger,ev_charger,3
awefice,Busbar,busbar,2
awefice,Switch,switchable_element,2
Greensboro-Rural_missing,Fuse,switchable_element-Fuse,2
GSO_1,Switch,switchable_element-Recloser,2
GSO_10,EVCharger,ev_charger,2
GSO_10,Switch,switchable_element-Recloser,2
GSO_100,Photovoltaic,photovoltaic,2
GSO_101,Capacitor,capacitor,2
GSO_103,Capacitor,capacitor,2
GSO_103,Switch,switchable_element-Recloser,2
GSO_105,Capacitor,capacitor,2
GSO_105,Switch,switchable_element-Recloser,2
GSO_108,Switch,switchable_element-Recloser,2
GSO_109,Switch,switchable_element-Recloser,2
GSO_11,Switch,switchable_element-Recloser,2
GSO_111,Capacitor,capacitor,2
GSO_111,Switch,switchable_element-Recloser,2
GSO_112,Switch,switchable_element-Recloser,2
GSO_114,Capacitor,capacitor,2
GSO_114,Switch,switchable_element-Recloser,2
GSO_115,Switch,switchable_element-Recloser,2
GSO_116,Capacitor,capacitor,2
GSO_116,Photovoltaic,photovoltaic,2
GSO_116,Switch,switchable_element-Recloser,2
GSO_118,Photovoltaic,photovoltaic,2
GSO_118,Switch,switchable_element-Recloser,2
GSO_119,Fuse,switchable_element-Fuse,2
GSO_12,Capacitor,capacitor,2
GSO_121,Fuse,switchable_element-Fuse,2
GSO_121,Photovoltaic,photovoltaic,2
GSO_121,Switch,switchable_element-Recloser,2
GSO_122,Transformer,transformer,2
GSO_123,Switch,switchable_element-Recloser,2
GSO_124,Switch,switchable_element-Switch,2
GSO_126,Switch,switchable_element-Recloser,2
GSO_129,Fuse,switchable_element-Fuse,2
GSO_13,Switch,switchable_element-Recloser,2
GSO_132,EVCharger,ev_charger,2
GSO_133,Switch,switchable_element-Recloser,2
GSO_134,Fuse,switchable_element-Fuse,2
GSO_134,Photovoltaic,photovoltaic,2
GSO_135,EVCharger,ev_charger,2
GSO_135,Photovoltaic,photovoltaic,2
GSO_135,Switch,switchable_element-Recloser,2
GSO_136,EVCharger,ev_charger,2
GSO_138,Capacitor,capacitor,2
GSO_138,Switch,switchable_element-Recloser,2
GSO_139,Capacitor,capacitor,2
GSO_139,EVCharger,ev_charger,2
GSO_139,Switch,switchable_element-Recloser,2
GSO_14,Capacitor,capacitor,2
GSO_14,Switch,switchable_element-Recloser,2
GSO_140,Switch,switchable_element-Recloser,2
GSO_142,Switch,switchable_element-Recloser,2
GSO_145,Capacitor,capacitor,2
GSO_145,Photovoltaic,photovoltaic,2
GSO_145,Switch,switchable_element-Recloser,2
GSO_146,Capacitor,capacitor,2
GSO_146,Photovoltaic,photovoltaic,2
GSO_146,Switch,switchable_element-Recloser,2
GSO_148,Switch,switchable_element-Recloser,2
GSO_15,Switch,switchable_element-Recloser,2
GSO_15,Switch,switchable_element-Switch,2
GSO_151,Capacitor,capacitor,2
GSO_151,EVCharger,ev_charger,2
GSO_151,Switch,switchable_element-Recloser,2
GSO_153,Switch,switchable_element-Recloser,2
GSO_154,Fuse,switchable_element-Fuse,2
GSO_154,Photovoltaic,photovoltaic,2
GSO_155,Photovoltaic,photovoltaic,2
GSO_155,Switch,switchable_element-Recloser,2
GSO_156,Switch,switchable_element-Recloser,2
GSO_158,Switch,switchable_element-Recloser,2
GSO_16,EVCharger,ev_charger,2
GSO_16,Switch,switchable_element-Recloser,2
GSO_162,Photovoltaic,photovoltaic,2
GSO_163,Switch,switchable_element-Recloser,2
GSO_17,Switch,switchable_element-Recloser,2
GSO_18,Capacitor,capacitor,2
GSO_18,Switch,switchable_element-Recloser,2
GSO_19,Switch,switchable_element-Recloser,2
GSO_2,Switch,switchable_element-Recloser,2
GSO_21,Switch,switchable_element-Recloser,2
GSO_22,Capacitor,capacitor,2
GSO_22,Switch,switchable_element-Recloser,2
GSO_23,Capacitor,capacitor,2
GSO_24,Fuse,switchable_element-Fuse,2
GSO_25,Capacitor,capacitor,2
GSO_25,Switch,switchable_element-Recloser,2
GSO_26,Capacitor,capacitor,2
GSO_26,Switch,switchable_element-Recloser,2
GSO_27,Switch,switchable_element-Recloser,2
GSO_28,Capacitor,capacitor,2
GSO_29,Switch,switchable_element-Recloser,2
GSO_30,Switch,switchable_element-Recloser,2
GSO_32,Capacitor,capacitor,2
GSO_32,Photovoltaic,photovoltaic,2
GSO_32,Switch,switchable_element-Recloser,2
GSO_32,Switch,switchable_element-Switch,2
GSO_34,Capacitor,capacitor,2
GSO_34,Switch,switchable_element-Recloser,2
GSO_36,Photovoltaic,photovoltaic,2
GSO_39,Switch,switchable_element-Recloser,2
GSO_4,Capacitor,capacitor,2
GSO_41,Switch,switchable_element-Recloser,2
GSO_42,Capacitor,capacitor,2
GSO_42,Switch,switchable_element-Recloser,2
GSO_43,Switch,switchable_element-Recloser,2
GSO_44,Switch,switchable_element-Switch,2
GSO_46,Switch,switchable_element-Recloser,2
GSO_48,Fuse,switchable_element-Fuse,2
GSO_48,Switch,switchable_element-Recloser,2
GSO_5,Switch,switchable_element-Recloser,2
GSO_53,Photovoltaic,photovoltaic,2
GSO_53,Switch,switchable_element-Recloser,2
GSO_54,Capacitor,capacitor,2
GSO_54,Switch,switchable_element-Recloser,2
GSO_56,Photovoltaic,photovoltaic,2
GSO_57,Switch,switchable_element-Recloser,2
GSO_58,Switch,switchable_element-Recloser,2
GSO_65,Photovoltaic,photovoltaic,2
GSO_67,Capacitor,capacitor,2
GSO_67,Switch,switchable_element-Recloser,2
GSO_68,Switch,switchable_element-Recloser,2
GSO_69,Capacitor,capacitor,2
GSO_69,Switch,switchable_element-Recloser,2
GSO_7,Photovoltaic,photovoltaic,2
GSO_7,Transformer,transformer,2
GSO_70,EVCharger,ev_charger,2
GSO_70,Switch,switchable_element-Recloser,2
GSO_71,Capacitor,capacitor,2
GSO_71,Switch,switchable_element-Recloser,2
GSO_72,Capacitor,capacitor,2
GSO_72,Switch,switchable_element-Recloser,2
GSO_73,EVCharger,ev_charger,2
GSO_73,Fuse,switchable_element-Fuse,2
GSO_74,Photovoltaic,photovoltaic,2
GSO_74,Switch,switchable_element-Recloser,2
GSO_75,Switch,switchable_element-Recloser,2
GSO_77,Switch,switchable_element-Recloser,2
GSO_79,Capacitor,capacitor,2
GSO_80,Switch,switchable_element-Recloser,2
GSO_81,Photovoltaic,photovoltaic,2
GSO_83,Capacitor,capacitor,2
GSO_83,Switch,switchable_element-Recloser,2
GSO_84,EVCharger,ev_charger,2
GSO_86,Switch,switchable_element-Recloser,2
GSO_87,Capacitor,capacitor,2
GSO_88,Photovoltaic,photovoltaic,2
GSO_9,Transformer,transformer,2
GSO_90,Switch,switchable_element-Recloser,2
GSO_91,Photovoltaic,photovoltaic,2
GSO_92,Capacitor,capacitor,2
GSO_92,Switch,switchable_element-Recloser,2
GSO_93,Switch,switchable_element-Recloser,2
GSO_94,EVCharger,ev_charger,2
GSO_95,Capacitor,capacitor,2
GSO_95,Switch,switchable_element-Recloser,2
GSO_97,Switch,switchable_element-Recloser,2
GSO_98,Switch,switchable_element-Recloser,2
GSO_99,Capacitor,capacitor,2
GSO_99,Switch,switchable_element-Recloser,2
SAF_12,Capacitor,capacitor,2
SAF_13,Capacitor,capacitor,2
SAF_14,EVCharger,ev_charger,2
SAF_2,Capacitor,capacitor,2
SAF_20,EVCharger,ev_charger,2
SAF_21,Capacitor,capacitor,2
SAF_24,EVCharger,ev_charger,2
SAF_27,Capacitor,capacitor,2
SAF_30,Capacitor,capacitor,2
SAF_38,Capacitor,capacitor,2
SAF_43,Capacitor,capacitor,2
SAF_44,Capacitor,capacitor,2
SAF_47,Capacitor,capacitor,2
SAF_5,EVCharger,ev_charger,2
SAF_50,Capacitor,capacitor,2
SAF_50,Switch,switchable_element-Switch,2
SAF_53,Capacitor,capacitor,2
SAF_56,Capacitor,capacitor,2
SAF_57,Fuse,switchable_element-Fuse,2
SAF_9,Capacitor,capacitor,2
Santa-Fe,Substation,VHV-HV_substation,2
awefice,Substation,substation,1
Greensboro-Industrial,Substation,VHV-HV_substation,1
Greensboro-Rural,Substation,VHV-HV_substation,1
GSO_1,Capacitor,capacitor,1
GSO_1,CircuitBreaker,switchable_element-Breaker,1
GSO_10,Capacitor,capacitor,1
GSO_10,CircuitBreaker,switchable_element-Breaker,1
GSO_100,CircuitBreaker,switchable_element-Breaker,1
GSO_100,Fuse,switchable_element-Fuse,1
GSO_100,Switch,switchable_element-Recloser,1
GSO_101,CircuitBreaker,switchable_element-Breaker,1
GSO_101,Photovoltaic,photovoltaic,1
GSO_101,Switch,switchable_element-Switch,1
GSO_102,CircuitBreaker,switchable_element-Breaker,1
GSO_102,EVCharger,ev_charger,1
GSO_102,Fuse,switchable_element-Fuse,1
GSO_102,Switch,switchable_element-Recloser,1
GSO_103,CircuitBreaker,switchable_element-Breaker,1
GSO_103,Switch,switchable_element-Switch,1
GSO_104,Capacitor,capacitor,1
GSO_104,CircuitBreaker,switchable_element-Breaker,1
GSO_105,CircuitBreaker,switchable_element-Breaker,1
GSO_106,CircuitBreaker,switchable_element-Breaker,1
GSO_106,Fuse,switchable_element-Fuse,1
GSO_106,Switch,switchable_element-Recloser,1
GSO_107,CircuitBreaker,switchable_element-Breaker,1
GSO_107,Fuse,switchable_element-Fuse,1
GSO_107,Switch,switchable_element-Recloser,1
GSO_108,Capacitor,capacitor,1
GSO_108,CircuitBreaker,switchable_element-Breaker,1
GSO_109,Capacitor,capacitor,1
GSO_109,CircuitBreaker,switchable_element-Breaker,1
GSO_11,CircuitBreaker,switchable_element-Breaker,1
GSO_110,Capacitor,capacitor,1
GSO_110,CircuitBreaker,switchable_element-Breaker,1
GSO_111,CircuitBreaker,switchable_element-Breaker,1
GSO_112,CircuitBreaker,switchable_element-Breaker,1
GSO_112,EVCharger,ev_charger,1
GSO_113,CircuitBreaker,switchable_element-Breaker,1
GSO_113,Switch,switchable_element-Recloser,1
GSO_114,CircuitBreaker,switchable_element-Breaker,1
GSO_115,Capacitor,capacitor,1
GSO_115,CircuitBreaker,switchable_element-Breaker,1
GSO_116,CircuitBreaker,switchable_element-Breaker,1
GSO_117,Capacitor,capacitor,1
GSO_117,CircuitBreaker,switchable_element-Breaker,1
GSO_117,Switch,switchable_element-Recloser,1
GSO_118,Capacitor,capacitor,1
GSO_118,CircuitBreaker,switchable_element-Breaker,1
GSO_119,CircuitBreaker,switchable_element-Breaker,1
GSO_119,EVCharger,ev_charger,1
GSO_119,Switch,switchable_element-Recloser,1
GSO_12,CircuitBreaker,switchable_element-Breaker,1
GSO_12,Switch,switchable_element-Recloser,1
GSO_121,CircuitBreaker,switchable_element-Breaker,1
GSO_121,EVCharger,ev_charger,1
GSO_122,CircuitBreaker,switchable_element-Breaker,1
GSO_122,Switch,switchable_element-Recloser,1
GSO_123,CircuitBreaker,switchable_element-Breaker,1
GSO_123,EVCharger,ev_charger,1
GSO_123,Switch,switchable_element-Switch,1
GSO_124,CircuitBreaker,switchable_element-Breaker,1
GSO_124,EVCharger,ev_charger,1
GSO_124,Fuse,switchable_element-Fuse,1
GSO_124,Switch,switchable_element-Recloser,1
GSO_125,CircuitBreaker,switchable_element-Breaker,1
GSO_125,Photovoltaic,photovoltaic,1
GSO_126,CircuitBreaker,switchable_element-Breaker,1
GSO_126,Switch,switchable_element-Switch,1
GSO_127,ACLineSegment,line_segment,1
GSO_127,CircuitBreaker,switchable_element-Breaker,1
GSO_127,Meter,meter,1
GSO_127,Switch,switchable_element-Recloser,1
GSO_128,Capacitor,capacitor,1
GSO_128,CircuitBreaker,switchable_element-Breaker,1
GSO_128,Fuse,switchable_element-Fuse,1
GSO_128,Switch,switchable_element-Recloser,1
GSO_129,CircuitBreaker,switchable_element-Breaker,1
GSO_129,Switch,switchable_element-Recloser,1
GSO_13,Capacitor,capacitor,1
GSO_13,CircuitBreaker,switchable_element-Breaker,1
GSO_130,CircuitBreaker,switchable_element-Breaker,1
GSO_130,Fuse,switchable_element-Fuse,1
GSO_130,Photovoltaic,photovoltaic,1
GSO_130,Switch,switchable_element-Recloser,1
GSO_131,CircuitBreaker,switchable_element-Breaker,1
GSO_131,Switch,switchable_element-Recloser,1
GSO_132,CircuitBreaker,switchable_element-Breaker,1
GSO_132,Switch,switchable_element-Recloser,1
GSO_133,CircuitBreaker,switchable_element-Breaker,1
GSO_133,EVCharger,ev_charger,1
GSO_133,Photovoltaic,photovoltaic,1
GSO_134,CircuitBreaker,switchable_element-Breaker,1
GSO_134,Switch,switchable_element-Recloser,1
GSO_135,CircuitBreaker,switchable_element-Breaker,1
GSO_135,Switch,switchable_element-Switch,1
GSO_136,CircuitBreaker,switchable_element-Breaker,1
GSO_136,Switch,switchable_element-Recloser,1
GSO_137,Capacitor,capacitor,1
GSO_137,CircuitBreaker,switchable_element-Breaker,1
GSO_137,EVCharger,ev_charger,1
GSO_137,Fuse,switchable_element-Fuse,1
GSO_137,Switch,switchable_element-Recloser,1
GSO_138,CircuitBreaker,switchable_element-Breaker,1
GSO_139,CircuitBreaker,switchable_element-Breaker,1
GSO_139,Switch,switchable_element-Switch,1
GSO_14,CircuitBreaker,switchable_element-Breaker,1
GSO_140,CircuitBreaker,switchable_element-Breaker,1
GSO_140,Fuse,switchable_element-Fuse,1
GSO_140,Photovoltaic,photovoltaic,1
GSO_141,Capacitor,capacitor,1
GSO_141,CircuitBreaker,switchable_element-Breaker,1
GSO_141,Fuse,switchable_element-Fuse,1
GSO_142,Capacitor,capacitor,1
GSO_142,CircuitBreaker,switchable_element-Breaker,1
GSO_142,Photovoltaic,photovoltaic,1
GSO_143,Capacitor,capacitor,1
GSO_143,CircuitBreaker,switchable_element-Breaker,1
GSO_144,CircuitBreaker,switchable_element-Breaker,1
GSO_144,Fuse,switchable_element-Fuse,1
GSO_144,Switch,switchable_element-Recloser,1
GSO_145,CircuitBreaker,switchable_element-Breaker,1
GSO_146,CircuitBreaker,switchable_element-Breaker,1
GSO_147,Capacitor,capacitor,1
GSO_147,CircuitBreaker,switchable_element-Breaker,1
GSO_147,Photovoltaic,photovoltaic,1
GSO_147,Switch,switchable_element-Recloser,1
GSO_148,Capacitor,capacitor,1
GSO_148,CircuitBreaker,switchable_element-Breaker,1
GSO_148,Photovoltaic,photovoltaic,1
GSO_149,CircuitBreaker,switchable_element-Breaker,1
GSO_149,Fuse,switchable_element-Fuse,1
GSO_149,Switch,switchable_element-Recloser,1
GSO_15,CircuitBreaker,switchable_element-Breaker,1
GSO_150,CircuitBreaker,switchable_element-Breaker,1
GSO_150,Fuse,switchable_element-Fuse,1
GSO_150,Switch,switchable_element-Recloser,1
GSO_151,CircuitBreaker,switchable_element-Breaker,1
GSO_152,CircuitBreaker,switchable_element-Breaker,1
GSO_152,Meter,meter,1
GSO_152,Switch,switchable_element-Recloser,1
GSO_152,Transformer,transformer,1
GSO_153,CircuitBreaker,switchable_element-Breaker,1
GSO_154,CircuitBreaker,switchable_element-Breaker,1
GSO_154,Switch,switchable_element-Recloser,1
GSO_155,Capacitor,voltage_regulator,1
GSO_155,CircuitBreaker,switchable_element-Breaker,1
GSO_156,Capacitor,voltage_regulator,1
GSO_156,CircuitBreaker,switchable_element-Breaker,1
GSO_157,Capacitor,voltage_regulator,1
GSO_157,CircuitBreaker,switchable_element-Breaker,1
GSO_158,Capacitor,voltage_regulator,1
GSO_158,CircuitBreaker,switchable_element-Breaker,1
GSO_159,Capacitor,voltage_regulator,1
GSO_159,CircuitBreaker,switchable_element-Breaker,1
GSO_16,CircuitBreaker,switchable_element-Breaker,1
GSO_16,Photovoltaic,photovoltaic,1
GSO_16,Switch,switchable_element-Switch,1
GSO_160,Capacitor,voltage_regulator,1
GSO_160,CircuitBreaker,switchable_element-Breaker,1
GSO_161,CircuitBreaker,switchable_element-Breaker,1
GSO_161,Fuse,switchable_element-Fuse,1
GSO_161,Switch,switchable_element-Recloser,1
GSO_162,CircuitBreaker,switchable_element-Breaker,1
GSO_162,Switch,switchable_element-Recloser,1
GSO_162,Switch,switchable_element-Switch,1
GSO_163,Capacitor,voltage_regulator,1
GSO_163,CircuitBreaker,switchable_element-Breaker,1
GSO_17,CircuitBreaker,switchable_element-Breaker,1
GSO_18,CircuitBreaker,switchable_element-Breaker,1
GSO_19,Capacitor,capacitor,1
GSO_19,CircuitBreaker,switchable_element-Breaker,1
GSO_2,Capacitor,capacitor,1
GSO_2,CircuitBreaker,switchable_element-Breaker,1
GSO_20,CircuitBreaker,switchable_element-Breaker,1
GSO_20,Meter,meter,1
GSO_20,Switch,switchable_element-Recloser,1
GSO_20,Transformer,transformer,1
GSO_21,CircuitBreaker,switchable_element-Breaker,1
GSO_22,CircuitBreaker,switchable_element-Breaker,1
GSO_23,CircuitBreaker,switchable_element-Breaker,1
GSO_24,CircuitBreaker,switchable_element-Breaker,1
GSO_24,Switch,switchable_element-Recloser,1
GSO_25,CircuitBreaker,switchable_element-Breaker,1
GSO_25,Photovoltaic,photovoltaic,1
GSO_25,Switch,switchable_element-Switch,1
GSO_26,CircuitBreaker,switchable_element-Breaker,1
GSO_27,CircuitBreaker,switchable_element-Breaker,1
GSO_28,CircuitBreaker,switchable_element-Breaker,1
GSO_28,EVCharger,ev_charger,1
GSO_28,Fuse,switchable_element-Fuse,1
GSO_28,Switch,switchable_element-Recloser,1
GSO_29,Capacitor,capacitor,1
GSO_29,CircuitBreaker,switchable_element-Breaker,1
GSO_3,CircuitBreaker,switchable_element-Breaker,1
GSO_3,Switch,switchable_element-Recloser,1
GSO_3,Transformer,transformer,1
GSO_30,Capacitor,capacitor,1
GSO_30,CircuitBreaker,switchable_element-Breaker,1
GSO_30,EVCharger,ev_charger,1
GSO_31,ACLineSegment,line_segment,1
GSO_31,CircuitBreaker,switchable_element-Breaker,1
GSO_31,Meter,meter,1
GSO_31,Switch,switchable_element-Recloser,1
GSO_32,CircuitBreaker,switchable_element-Breaker,1
GSO_32,EVCharger,ev_charger,1
GSO_33,Capacitor,capacitor,1
GSO_33,CircuitBreaker,switchable_element-Breaker,1
GSO_33,Switch,switchable_element-Switch,1
GSO_34,CircuitBreaker,switchable_element-Breaker,1
GSO_35,CircuitBreaker,switchable_element-Breaker,1
GSO_35,Switch,switchable_element-Recloser,1
GSO_36,CircuitBreaker,switchable_element-Breaker,1
GSO_36,Switch,switchable_element-Recloser,1
GSO_37,Capacitor,capacitor,1
GSO_37,CircuitBreaker,switchable_element-Breaker,1
GSO_37,Switch,switchable_element-Recloser,1
GSO_38,CircuitBreaker,switchable_element-Breaker,1
GSO_38,Switch,switchable_element-Recloser,1
GSO_38,Transformer,transformer,1
GSO_39,Capacitor,capacitor,1
GSO_39,CircuitBreaker,switchable_element-Breaker,1
GSO_4,CircuitBreaker,switchable_element-Breaker,1
GSO_4,Switch,switchable_element-Recloser,1
GSO_40,Capacitor,capacitor,1
GSO_40,CircuitBreaker,switchable_element-Breaker,1
GSO_40,Switch,switchable_element-Recloser,1
GSO_41,Capacitor,capacitor,1
GSO_41,CircuitBreaker,switchable_element-Breaker,1
GSO_42,CircuitBreaker,switchable_element-Breaker,1
GSO_43,Capacitor,capacitor,1
GSO_43,CircuitBreaker,switchable_element-Breaker,1
GSO_44,CircuitBreaker,switchable_element-Breaker,1
GSO_44,EVCharger,ev_charger,1
GSO_44,Fuse,switchable_element-Fuse,1
GSO_44,Switch,switchable_element-Recloser,1
GSO_45,Capacitor,capacitor,1
GSO_45,CircuitBreaker,switchable_element-Breaker,1
GSO_45,Switch,switchable_element-Recloser,1
GSO_46,Capacitor,capacitor,1
GSO_46,CircuitBreaker,switchable_element-Breaker,1
GSO_47,Capacitor,capacitor,1
GSO_47,CircuitBreaker,switchable_element-Breaker,1
GSO_47,Switch,switchable_element-Recloser,1
GSO_48,Capacitor,capacitor,1
GSO_48,CircuitBreaker,switchable_element-Breaker,1
GSO_48,Photovoltaic,photovoltaic,1
GSO_49,Capacitor,capacitor,1
GSO_49,CircuitBreaker,switchable_element-Breaker,1
GSO_49,Switch,switchable_element-Recloser,1
GSO_5,CircuitBreaker,switchable_element-Breaker,1
GSO_5,Switch,switchable_element-Switch,1
GSO_50,CircuitBreaker,switchable_element-Breaker,1
GSO_50,Switch,switchable_element-Recloser,1
GSO_50,Transformer,transformer,1
GSO_51,Capacitor,capacitor,1
GSO_51,CircuitBreaker,switchable_element-Breaker,1
GSO_51,Photovoltaic,photovoltaic,1
GSO_51,Switch,switchable_element-Recloser,1
GSO_52,Capacitor,capacitor,1
GSO_52,CircuitBreaker,switchable_element-Breaker,1
GSO_52,Switch,switchable_element-Recloser,1
GSO_53,CircuitBreaker,switchable_element-Breaker,1
GSO_54,CircuitBreaker,switchable_element-Breaker,1
GSO_55,CircuitBreaker,switchable_element-Breaker,1
GSO_55,Switch,switchable_element-Recloser,1
GSO_56,Capacitor,capacitor,1
GSO_56,CircuitBreaker,switchable_element-Breaker,1
GSO_56,Switch,switchable_element-Recloser,1
GSO_57,Capacitor,capacitor,1
GSO_57,CircuitBreaker,switchable_element-Breaker,1
GSO_58,Capacitor,capacitor,1
GSO_58,CircuitBreaker,switchable_element-Breaker,1
GSO_59,Capacitor,capacitor,1
GSO_59,CircuitBreaker,switchable_element-Breaker,1
GSO_59,Switch,switchable_element-Recloser,1
GSO_6,CircuitBreaker,switchable_element-Breaker,1
GSO_6,Photovoltaic,photovoltaic,1
GSO_6,Switch,switchable_element-Recloser,1
GSO_60,Capacitor,capacitor,1
GSO_60,CircuitBreaker,switchable_element-Breaker,1
GSO_60,Switch,switchable_element-Recloser,1
GSO_60,Switch,switchable_element-Switch,1
GSO_61,CircuitBreaker,switchable_element-Breaker,1
GSO_61,Switch,switchable_element-Recloser,1
GSO_62,CircuitBreaker,switchable_element-Breaker,1
GSO_62,Switch,switchable_element-Recloser,1
GSO_63,CircuitBreaker,switchable_element-Breaker,1
GSO_63,Photovoltaic,photovoltaic,1
GSO_63,Switch,switchable_element-Recloser,1
GSO_64,Capacitor,capacitor,1
GSO_64,CircuitBreaker,switchable_element-Breaker,1
GSO_65,CircuitBreaker,switchable_element-Breaker,1
GSO_65,Switch,switchable_element-Recloser,1
GSO_66,Capacitor,capacitor,1
GSO_66,CircuitBreaker,switchable_element-Breaker,1
GSO_66,Switch,switchable_element-Recloser,1
GSO_67,CircuitBreaker,switchable_element-Breaker,1
GSO_67,Switch,switchable_element-Switch,1
GSO_68,Capacitor,capacitor,1
GSO_68,CircuitBreaker,switchable_element-Breaker,1
GSO_69,CircuitBreaker,switchable_element-Breaker,1
GSO_69,Photovoltaic,photovoltaic,1
GSO_7,CircuitBreaker,switchable_element-Breaker,1
GSO_7,Switch,switchable_element-Recloser,1
GSO_7,Switch,switchable_element-Switch,1
GSO_70,CircuitBreaker,switchable_element-Breaker,1
GSO_71,CircuitBreaker,switchable_element-Breaker,1
GSO_72,CircuitBreaker,switchable_element-Breaker,1
GSO_73,CircuitBreaker,switchable_element-Breaker,1
GSO_73,Switch,switchable_element-Recloser,1
GSO_74,CircuitBreaker,switchable_element-Breaker,1
GSO_75,Capacitor,capacitor,1
GSO_75,CircuitBreaker,switchable_element-Breaker,1
GSO_75,EVCharger,ev_charger,1
GSO_75,Switch,switchable_element-Switch,1
GSO_76,CircuitBreaker,switchable_element-Breaker,1
GSO_76,Switch,switchable_element-Recloser,1
GSO_76,Transformer,transformer,1
GSO_77,Capacitor,capacitor,1
GSO_77,CircuitBreaker,switchable_element-Breaker,1
GSO_78,CircuitBreaker,switchable_element-Breaker,1
GSO_78,EVCharger,ev_charger,1
GSO_78,Fuse,switchable_element-Fuse,1
GSO_78,Switch,switchable_element-Recloser,1
GSO_79,CircuitBreaker,switchable_element-Breaker,1
GSO_8,CircuitBreaker,switchable_element-Breaker,1
GSO_8,Switch,switchable_element-Recloser,1
GSO_8,Transformer,transformer,1
GSO_80,Capacitor,capacitor,1
GSO_80,CircuitBreaker,switchable_element-Breaker,1
GSO_81,CircuitBreaker,switchable_element-Breaker,1
GSO_82,Capacitor,capacitor,1
GSO_82,CircuitBreaker,switchable_element-Breaker,1
GSO_82,Switch,switchable_element-Recloser,1
GSO_83,CircuitBreaker,switchable_element-Breaker,1
GSO_84,CircuitBreaker,switchable_element-Breaker,1
GSO_84,Photovoltaic,photovoltaic,1
GSO_84,Switch,switchable_element-Recloser,1
GSO_85,CircuitBreaker,switchable_element-Breaker,1
GSO_85,Switch,switchable_element-Recloser,1
GSO_86,CircuitBreaker,switchable_element-Breaker,1
GSO_87,CircuitBreaker,switchable_element-Breaker,1
GSO_88,CircuitBreaker,switchable_element-Breaker,1
GSO_88,Switch,switchable_element-Recloser,1
GSO_89,Capacitor,capacitor,1
GSO_89,CircuitBreaker,switchable_element-Breaker,1
GSO_9,CircuitBreaker,switchable_element-Breaker,1
GSO_9,Fuse,switchable_element-Fuse,1
GSO_9,Photovoltaic,photovoltaic,1
GSO_9,Switch,switchable_element-Recloser,1
GSO_90,CircuitBreaker,switchable_element-Breaker,1
GSO_91,Capacitor,capacitor,1
GSO_91,CircuitBreaker,switchable_element-Breaker,1
GSO_92,CircuitBreaker,switchable_element-Breaker,1
GSO_92,Photovoltaic,photovoltaic,1
GSO_93,CircuitBreaker,switchable_element-Breaker,1
GSO_93,Switch,switchable_element-Switch,1
GSO_94,CircuitBreaker,switchable_element-Breaker,1
GSO_94,Switch,switchable_element-Recloser,1
GSO_95,CircuitBreaker,switchable_element-Breaker,1
GSO_96,CircuitBreaker,switchable_element-Breaker,1
GSO_96,Switch,switchable_element-Recloser,1
GSO_96,Switch,switchable_element-Switch,1
GSO_97,Capacitor,capacitor,1
GSO_97,CircuitBreaker,switchable_element-Breaker,1
GSO_98,Capacitor,capacitor,1
GSO_98,CircuitBreaker,switchable_element-Breaker,1
GSO_99,CircuitBreaker,switchable_element-Breaker,1
SAF_1,CircuitBreaker,switchable_element-Breaker,1
SAF_1,Photovoltaic,photovoltaic,1
SAF_1,Switch,switchable_element-Recloser,1
SAF_10,Capacitor,capacitor,1
SAF_10,CircuitBreaker,switchable_element-Breaker,1
SAF_10,Switch,switchable_element-Recloser,1
SAF_11,CircuitBreaker,switchable_element-Breaker,1
SAF_11,Switch,switchable_element-Recloser,1
SAF_12,CircuitBreaker,switchable_element-Breaker,1
SAF_12,Switch,switchable_element-Recloser,1
SAF_13,CircuitBreaker,switchable_element-Breaker,1
SAF_13,Switch,switchable_element-Recloser,1
SAF_14,Capacitor,capacitor,1
SAF_14,CircuitBreaker,switchable_element-Breaker,1
SAF_14,Switch,switchable_element-Recloser,1
SAF_15,Capacitor,capacitor,1
SAF_15,CircuitBreaker,switchable_element-Breaker,1
SAF_15,Switch,switchable_element-Recloser,1
SAF_16,CircuitBreaker,switchable_element-Breaker,1
SAF_16,Switch,switchable_element-Recloser,1
SAF_17,Capacitor,capacitor,1
SAF_17,CircuitBreaker,switchable_element-Breaker,1
SAF_17,Switch,switchable_element-Recloser,1
SAF_18,Capacitor,capacitor,1
SAF_18,CircuitBreaker,switchable_element-Breaker,1
SAF_18,Switch,switchable_element-Recloser,1
SAF_19,Capacitor,capacitor,1
SAF_19,CircuitBreaker,switchable_element-Breaker,1
SAF_19,Switch,switchable_element-Recloser,1
SAF_2,CircuitBreaker,switchable_element-Breaker,1
SAF_2,Switch,switchable_element-Recloser,1
SAF_20,CircuitBreaker,switchable_element-Breaker,1
SAF_20,Switch,switchable_element-Recloser,1
SAF_21,CircuitBreaker,switchable_element-Breaker,1
SAF_21,Switch,switchable_element-Recloser,1
SAF_22,Capacitor,capacitor,1
SAF_22,CircuitBreaker,switchable_element-Breaker,1
SAF_22,Switch,switchable_element-Recloser,1
SAF_23,Capacitor,capacitor,1
SAF_23,CircuitBreaker,switchable_element-Breaker,1
SAF_23,Switch,switchable_element-Recloser,1
SAF_24,Capacitor,capacitor,1
SAF_24,CircuitBreaker,switchable_element-Breaker,1
SAF_24,Switch,switchable_element-Recloser,1
SAF_24,Switch,switchable_element-Switch,1
SAF_25,Capacitor,capacitor,1
SAF_25,CircuitBreaker,switchable_element-Breaker,1
SAF_25,Switch,switchable_element-Recloser,1
SAF_26,Capacitor,capacitor,1
SAF_26,CircuitBreaker,switchable_element-Breaker,1
SAF_26,Switch,switchable_element-Recloser,1
SAF_27,CircuitBreaker,switchable_element-Breaker,1
SAF_27,Switch,switchable_element-Recloser,1
SAF_28,CircuitBreaker,switchable_element-Breaker,1
SAF_28,Switch,switchable_element-Recloser,1
SAF_29,Capacitor,capacitor,1
SAF_29,CircuitBreaker,switchable_element-Breaker,1
SAF_29,Switch,switchable_element-Recloser,1
SAF_3,Capacitor,capacitor,1
SAF_3,CircuitBreaker,switchable_element-Breaker,1
SAF_3,Switch,switchable_element-Recloser,1
SAF_30,CircuitBreaker,switchable_element-Breaker,1
SAF_30,Switch,switchable_element-Recloser,1
SAF_31,Capacitor,capacitor,1
SAF_31,CircuitBreaker,switchable_element-Breaker,1
SAF_31,Switch,switchable_element-Recloser,1
SAF_32,Capacitor,capacitor,1
SAF_32,CircuitBreaker,switchable_element-Breaker,1
SAF_32,Switch,switchable_element-Recloser,1
SAF_33,Capacitor,capacitor,1
SAF_33,CircuitBreaker,switchable_element-Breaker,1
SAF_33,Switch,switchable_element-Recloser,1
SAF_34,Capacitor,capacitor,1
SAF_34,CircuitBreaker,switchable_element-Breaker,1
SAF_34,Switch,switchable_element-Recloser,1
SAF_35,Capacitor,capacitor,1
SAF_35,CircuitBreaker,switchable_element-Breaker,1
SAF_35,Switch,switchable_element-Recloser,1
SAF_36,CircuitBreaker,switchable_element-Breaker,1
SAF_36,Switch,switchable_element-Recloser,1
SAF_37,Capacitor,capacitor,1
SAF_37,CircuitBreaker,switchable_element-Breaker,1
SAF_37,Switch,switchable_element-Recloser,1
SAF_38,CircuitBreaker,switchable_element-Breaker,1
SAF_38,Switch,switchable_element-Recloser,1
SAF_39,Capacitor,capacitor,1
SAF_39,CircuitBreaker,switchable_element-Breaker,1
SAF_39,Switch,switchable_element-Recloser,1
SAF_4,Capacitor,capacitor,1
SAF_4,CircuitBreaker,switchable_element-Breaker,1
SAF_4,Switch,switchable_element-Recloser,1
SAF_40,CircuitBreaker,switchable_element-Breaker,1
SAF_40,EVCharger,ev_charger,1
SAF_40,Photovoltaic,photovoltaic,1
SAF_40,Switch,switchable_element-Recloser,1
SAF_41,CircuitBreaker,switchable_element-Breaker,1
SAF_41,Switch,switchable_element-Recloser,1
SAF_42,CircuitBreaker,switchable_element-Breaker,1
SAF_42,Switch,switchable_element-Recloser,1
SAF_43,CircuitBreaker,switchable_element-Breaker,1
SAF_43,Switch,switchable_element-Recloser,1
SAF_44,CircuitBreaker,switchable_element-Breaker,1
SAF_44,Switch,switchable_element-Recloser,1
SAF_45,Capacitor,capacitor,1
SAF_45,CircuitBreaker,switchable_element-Breaker,1
SAF_45,Switch,switchable_element-Recloser,1
SAF_46,Capacitor,capacitor,1
SAF_46,CircuitBreaker,switchable_element-Breaker,1
SAF_46,Switch,switchable_element-Recloser,1
SAF_47,CircuitBreaker,switchable_element-Breaker,1
SAF_47,Switch,switchable_element-Recloser,1
SAF_48,CircuitBreaker,switchable_element-Breaker,1
SAF_48,Switch,switchable_element-Recloser,1
SAF_49,Capacitor,capacitor,1
SAF_49,CircuitBreaker,switchable_element-Breaker,1
SAF_49,Switch,switchable_element-Recloser,1
SAF_5,CircuitBreaker,switchable_element-Breaker,1
SAF_5,Switch,switchable_element-Recloser,1
SAF_50,CircuitBreaker,switchable_element-Breaker,1
SAF_50,Switch,switchable_element-Recloser,1
SAF_51,Capacitor,capacitor,1
SAF_51,CircuitBreaker,switchable_element-Breaker,1
SAF_51,Switch,switchable_element-Recloser,1
SAF_51,Switch,switchable_element-Switch,1
SAF_52,CircuitBreaker,switchable_element-Breaker,1
SAF_52,Switch,switchable_element-Recloser,1
SAF_52,Switch,switchable_element-Switch,1
SAF_53,CircuitBreaker,switchable_element-Breaker,1
SAF_53,Switch,switchable_element-Recloser,1
SAF_54,Capacitor,capacitor,1
SAF_54,CircuitBreaker,switchable_element-Breaker,1
SAF_54,Switch,switchable_element-Recloser,1
SAF_55,CircuitBreaker,switchable_element-Breaker,1
SAF_55,Switch,switchable_element-Recloser,1
SAF_56,CircuitBreaker,switchable_element-Breaker,1
SAF_56,Switch,switchable_element-Recloser,1
SAF_57,CircuitBreaker,switchable_element-Breaker,1
SAF_57,Switch,switchable_element-Recloser,1
SAF_58,Capacitor,capacitor,1
SAF_58,CircuitBreaker,switchable_element-Breaker,1
SAF_58,Switch,switchable_element-Recloser,1
SAF_6,Capacitor,capacitor,1
SAF_6,CircuitBreaker,switchable_element-Breaker,1
SAF_6,Switch,switchable_element-Recloser,1
SAF_7,Capacitor,capacitor,1
SAF_7,CircuitBreaker,switchable_element-Breaker,1
SAF_7,Switch,switchable_element-Recloser,1
SAF_8,Capacitor,capacitor,1
SAF_8,CircuitBreaker,switchable_element-Breaker,1
SAF_8,Switch,switchable_element-Recloser,1
SAF_9,CircuitBreaker,switchable_element-Breaker,1
SAF_9,Switch,switchable_element-Recloser,1
