,grid_id,grid_element_id,max_kWh
0,GSO_1,br_01_21,842.9169999999998
1,GSO_10,br_015_21,1857.087
2,GSO_100,br_097_21,383.9539999999997
3,GSO_101,br_0101_21,1090.9520000000005
4,GSO_102,br_0102_21,51.603
5,GSO_103,br_0103_21,4134.665999999999
6,GSO_104,br_0104_21,3795.7420000000025
7,GSO_105,br_0105_21,3666.114000000001
8,GSO_106,br_0106_21,92.883
9,GSO_107,br_0107_21,109.10600000000001
10,GSO_108,br_0108_21,2530.6589999999987
11,GSO_109,br_0109_21,2240.914
12,GSO_11,br_016_21,2253.7879999999986
13,GSO_110,br_0110_21,4452.224999999998
14,GSO_111,br_0111_21,1169.5340000000003
15,GSO_112,br_0112_21,733.7740000000002
16,GSO_113,br_0113_21,79.332
17,GSO_114,br_0114_21,1367.2390000000003
18,GSO_115,br_0115_21,2296.294
19,GSO_116,br_0116_21,1084.1259999999995
20,GSO_117,br_0117_21,3564.5889999999954
21,GSO_118,br_0118_21,1611.2819999999992
22,GSO_119,br_0119_21,329.7299999999999
23,GSO_12,br_017_21,2594.1410000000014
24,GSO_121,br_01_22,384.027
25,GSO_122,br_02_22,30.513
26,GSO_123,br_03_22,345.22799999999984
27,GSO_124,br_04_22,124.64900000000002
28,GSO_125,br_05_22,315.196
29,GSO_126,br_06_22,228.481
30,GSO_127,br_07_22,21.462
31,GSO_128,br_08_22,140.876
32,GSO_129,br_09_22,256.80899999999997
33,GSO_13,br_018_21,2559.6359999999972
34,GSO_130,br_010_22,296.67699999999996
35,GSO_131,br_011_22,66.29499999999999
36,GSO_132,br_012_22,448.2340000000001
37,GSO_133,br_013_22,644.1960000000004
38,GSO_134,br_014_22,317.96600000000007
39,GSO_135,br_015_22,508.0110000000001
40,GSO_136,br_016_22,314.15999999999985
41,GSO_137,br_017_22,293.7070000000001
42,GSO_138,br_018_22,382.3070000000002
43,GSO_139,br_019_22,454.39699999999993
44,GSO_14,br_019_21,2720.5530000000026
45,GSO_140,br_020_22,301.16099999999994
46,GSO_141,br_021_22,359.40100000000007
47,GSO_142,br_022_22,801.7079999999995
48,GSO_143,br_023_22,2514.965999999999
49,GSO_144,br_024_22,130.87699999999998
50,GSO_145,br_025_22,704.9899999999997
51,GSO_146,br_026_22,919.4340000000002
52,GSO_147,br_027_22,275.63100000000003
53,GSO_148,br_028_22,473.05799999999994
54,GSO_149,br_029_22,88.93300000000002
55,GSO_15,br_020_21,3399.553000000003
56,GSO_150,br_030_22,202.33
57,GSO_151,br_031_22,690.4820000000003
58,GSO_152,br_032_22,23.122
59,GSO_153,br_033_22,814.6749999999998
60,GSO_154,br_034_22,242.185
61,GSO_155,br_01_23,1283.9730000000002
62,GSO_156,br_02_23,3200.6770000000006
63,GSO_157,br_03_23,2884.0459999999985
64,GSO_158,br_04_23,2767.926999999998
65,GSO_159,br_05_23,3459.4409999999993
66,GSO_16,br_021_21,1709.2590000000012
67,GSO_160,br_06_23,4670.530000000001
68,GSO_161,br_07_23,69.787
69,GSO_162,br_08_23,1033.9080000000001
70,GSO_163,br_09_23,3195.0699999999974
71,GSO_17,br_024_21,3620.0860000000025
72,GSO_18,br_025_21,2329.272999999999
73,GSO_19,br_026_21,5254.824000000003
74,GSO_2,br_02_21,2258.3849999999998
75,GSO_20,br_027_21,6.258
76,GSO_21,br_028_21,1671.314
77,GSO_22,br_029_21,1800.251
78,GSO_23,br_030_21,1175.5709999999997
79,GSO_24,br_031_21,62.001
80,GSO_25,br_032_21,599.9119999999999
81,GSO_26,br_033_21,1870.469
82,GSO_27,br_034_21,2421.4870000000033
83,GSO_28,br_035_21,103.40299999999999
84,GSO_29,br_036_21,2026.817000000001
85,GSO_3,br_03_21,37.815
86,GSO_30,br_037_21,1854.5700000000022
87,GSO_31,br_038_21,30.369
88,GSO_32,br_039_21,1239.4430000000002
89,GSO_33,br_040_21,880.5660000000004
90,GSO_34,br_041_21,2233.178
91,GSO_35,br_042_21,3669.6980000000017
92,GSO_36,br_043_21,489.10300000000007
93,GSO_37,br_044_21,5445.515999999998
94,GSO_38,br_045_21,41.018
95,GSO_39,br_046_21,2414.6949999999983
96,GSO_4,br_04_21,5026.1010000000115
97,GSO_40,br_047_21,2096.854999999999
98,GSO_41,br_048_21,1862.2279999999996
99,GSO_42,br_049_21,4044.446000000001
100,GSO_43,br_050_21,4438.048000000002
101,GSO_44,br_051_21,62.336
102,GSO_45,br_052_21,3398.053000000001
103,GSO_46,br_053_21,2971.832999999998
104,GSO_47,br_054_21,348.53099999999995
105,GSO_48,br_055_21,493.1049999999999
106,GSO_49,br_056_21,195.05600000000004
107,GSO_5,br_05_21,1013.5859999999996
108,GSO_50,br_057_21,63.605999999999995
109,GSO_51,br_058_21,339.738
110,GSO_52,br_059_21,3201.8870000000015
111,GSO_53,br_060_21,1306.9959999999992
112,GSO_54,br_061_21,5117.034999999997
113,GSO_55,br_062_21,276.719
114,GSO_56,br_063_21,816.9220000000001
115,GSO_57,br_08_21,1018.7449999999998
116,GSO_58,br_09_21,4187.360000000004
117,GSO_59,br_010_21,3263.384999999999
118,GSO_6,br_06_21,837.7950000000004
119,GSO_60,br_011_21,2841.6550000000016
120,GSO_61,br_012_21,5356.675000000004
121,GSO_62,br_013_21,870.0640000000004
122,GSO_63,br_014_21,136.89099999999996
123,GSO_64,br_064_21,2430.6939999999972
124,GSO_65,br_065_21,207.599
125,GSO_66,br_066_21,2752.2419999999997
126,GSO_67,br_067_21,2872.7170000000015
127,GSO_68,br_068_21,2361.078999999998
128,GSO_69,br_069_21,486.35900000000004
129,GSO_7,br_07_21,72.13600000000001
130,GSO_70,br_070_21,513.2520000000002
131,GSO_71,br_071_21,5623.237000000008
132,GSO_72,br_072_21,1727.4949999999997
133,GSO_73,br_073_21,91.45
134,GSO_74,br_074_21,1059.724
135,GSO_75,br_075_21,788.0519999999998
136,GSO_76,br_076_21,57.191
137,GSO_77,br_077_21,5271.655000000006
138,GSO_78,br_078_21,343.018
139,GSO_79,br_079_21,1494.7449999999988
140,GSO_8,br_022_21,55.423
141,GSO_80,br_080_21,1917.1889999999996
142,GSO_81,br_081_21,2110.2229999999977
143,GSO_82,br_082_21,3449.676999999998
144,GSO_83,br_083_21,4273.965999999999
145,GSO_84,br_084_21,378.8349999999998
146,GSO_85,br_085_21,778.4530000000004
147,GSO_86,br_086_21,2004.1379999999986
148,GSO_87,br_087_21,1815.2430000000004
149,GSO_88,br_088_21,1351.0769999999993
150,GSO_89,br_089_21,1285.0949999999993
151,GSO_9,br_023_21,38.654999999999994
152,GSO_90,br_090_21,614.6890000000002
153,GSO_91,br_091_21,1672.5100000000002
154,GSO_92,br_092_21,763.8049999999995
155,GSO_93,br_093_21,675.2739999999997
156,GSO_94,br_094_21,512.3950000000001
157,GSO_95,br_095_21,3431.2439999999983
158,GSO_96,br_096_21,1374.0550000000005
159,GSO_97,br_098_21,4282.045000000003
160,GSO_98,br_099_21,5666.940000000003
161,GSO_99,br_0100_21,4507.457999999994
162,SAF_1,br_01_11,122.79100000000001
163,SAF_10,br_010_11,1492.8179999999998
164,SAF_11,br_011_11,3468.0809999999983
165,SAF_12,br_012_11,4895.379000000003
166,SAF_13,br_013_11,1604.757999999999
167,SAF_14,br_014_11,2349.843
168,SAF_15,br_015_11,2942.134999999999
169,SAF_16,br_016_11,4178.060000000001
170,SAF_17,br_017_11,3221.690999999999
171,SAF_18,br_018_11,1888.7319999999988
172,SAF_19,br_019_11,3166.437999999999
173,SAF_2,br_02_11,2843.886000000003
174,SAF_20,br_020_11,1139.09
175,SAF_21,br_021_11,2432.3860000000004
176,SAF_22,br_022_11,1770.9329999999986
177,SAF_23,br_023_11,2424.4210000000003
178,SAF_24,br_024_11,1355.627
179,SAF_25,br_025_11,3560.188000000004
180,SAF_26,br_026_11,3467.1290000000026
181,SAF_27,br_027_11,3391.2529999999965
182,SAF_28,br_028_11,1027.0480000000002
183,SAF_29,br_029_11,3934.5809999999988
184,SAF_3,br_03_11,1520.0119999999995
185,SAF_30,br_030_11,3092.7969999999978
186,SAF_31,br_031_11,3249.5840000000017
187,SAF_32,br_032_11,2794.588000000002
188,SAF_33,br_033_11,3891.305
189,SAF_34,br_034_11,2718.3450000000016
190,SAF_35,br_035_11,2287.6519999999987
191,SAF_36,br_036_11,1383.3629999999998
192,SAF_37,br_037_11,2726.6000000000013
193,SAF_38,br_038_11,2651.605000000003
194,SAF_39,br_039_11,2372.064999999999
195,SAF_4,br_04_11,3584.353000000003
196,SAF_40,br_040_11,190.472
197,SAF_41,br_041_11,3070.4559999999997
198,SAF_42,br_042_11,3138.8010000000036
199,SAF_43,br_043_11,2868.0339999999974
200,SAF_44,br_044_11,3267.948999999998
201,SAF_45,br_045_11,2516.986
202,SAF_46,br_046_11,2480.410999999998
203,SAF_47,br_047_11,2781.7960000000007
204,SAF_48,br_048_11,1651.6690000000017
205,SAF_49,br_049_11,2479.3700000000035
206,SAF_5,br_05_11,719.0380000000006
207,SAF_50,br_050_11,2804.4620000000004
208,SAF_51,br_051_11,2273.572999999999
209,SAF_52,br_052_11,1960.2820000000015
210,SAF_53,br_053_11,3974.503999999999
211,SAF_54,br_054_11,1382.44
212,SAF_55,br_056_11,1337.6709999999991
213,SAF_56,br_057_11,3042.1749999999975
214,SAF_57,br_058_11,2318.318000000001
215,SAF_58,br_059_11,2854.2909999999974
216,SAF_6,br_06_11,2756.057999999999
217,SAF_7,br_07_11,2945.7489999999993
218,SAF_8,br_08_11,1333.2560000000005
219,SAF_9,br_09_11,2440.387999999999
