grid_id,description,last_updated
GSO_1,GSO_1,2023-09-20 00:00:00+00:00
GSO_2,GSO_2,2023-09-20 00:00:00+00:00
GSO_3,GSO_3,2023-09-20 00:00:00+00:00
GSO_4,GSO_4,2023-09-20 00:00:00+00:00
GSO_5,GSO_5,2023-09-20 00:00:00+00:00
GSO_6,GSO_6,2023-09-20 00:00:00+00:00
GSO_7,GSO_7,2023-09-20 00:00:00+00:00
GSO_8,GSO_8,2023-09-20 00:00:00+00:00
GSO_9,GSO_9,2023-09-20 00:00:00+00:00
GSO_10,GSO_10,2023-09-20 00:00:00+00:00
GSO_11,GSO_11,2023-09-20 00:00:00+00:00
GSO_12,GSO_12,2023-09-20 00:00:00+00:00
GSO_13,GSO_13,2023-09-20 00:00:00+00:00
GSO_14,GSO_14,2023-09-20 00:00:00+00:00
GSO_15,GSO_15,2023-09-20 00:00:00+00:00
GSO_16,GSO_16,2023-09-20 00:00:00+00:00
GSO_17,GSO_17,2023-09-20 00:00:00+00:00
GSO_18,GSO_18,2023-09-20 00:00:00+00:00
GSO_19,GSO_19,2023-09-20 00:00:00+00:00
GSO_20,GSO_20,2023-09-20 00:00:00+00:00
GSO_21,GSO_21,2023-09-20 00:00:00+00:00
GSO_22,GSO_22,2023-09-20 00:00:00+00:00
GSO_23,GSO_23,2023-09-20 00:00:00+00:00
GSO_24,GSO_24,2023-09-20 00:00:00+00:00
GSO_25,GSO_25,2023-09-20 00:00:00+00:00
GSO_26,GSO_26,2023-09-20 00:00:00+00:00
GSO_27,GSO_27,2023-09-20 00:00:00+00:00
GSO_28,GSO_28,2023-09-20 00:00:00+00:00
GSO_29,GSO_29,2023-09-20 00:00:00+00:00
GSO_30,GSO_30,2023-09-20 00:00:00+00:00
GSO_31,GSO_31,2023-09-20 00:00:00+00:00
GSO_32,GSO_32,2023-09-20 00:00:00+00:00
GSO_33,GSO_33,2023-09-20 00:00:00+00:00
GSO_34,GSO_34,2023-09-20 00:00:00+00:00
GSO_35,GSO_35,2023-09-20 00:00:00+00:00
GSO_36,GSO_36,2023-09-20 00:00:00+00:00
GSO_37,GSO_37,2023-09-20 00:00:00+00:00
GSO_38,GSO_38,2023-09-20 00:00:00+00:00
GSO_39,GSO_39,2023-09-20 00:00:00+00:00
GSO_40,GSO_40,2023-09-20 00:00:00+00:00
GSO_41,GSO_41,2023-09-20 00:00:00+00:00
GSO_42,GSO_42,2023-09-20 00:00:00+00:00
GSO_43,GSO_43,2023-09-20 00:00:00+00:00
GSO_44,GSO_44,2023-09-20 00:00:00+00:00
GSO_45,GSO_45,2023-09-20 00:00:00+00:00
GSO_46,GSO_46,2023-09-20 00:00:00+00:00
GSO_47,GSO_47,2023-09-20 00:00:00+00:00
GSO_48,GSO_48,2023-09-20 00:00:00+00:00
GSO_49,GSO_49,2023-09-20 00:00:00+00:00
GSO_50,GSO_50,2023-09-20 00:00:00+00:00
GSO_51,GSO_51,2023-09-20 00:00:00+00:00
GSO_52,GSO_52,2023-09-20 00:00:00+00:00
GSO_53,GSO_53,2023-09-20 00:00:00+00:00
GSO_54,GSO_54,2023-09-20 00:00:00+00:00
GSO_55,GSO_55,2023-09-20 00:00:00+00:00
GSO_56,GSO_56,2023-09-20 00:00:00+00:00
GSO_57,GSO_57,2023-09-20 00:00:00+00:00
GSO_58,GSO_58,2023-09-20 00:00:00+00:00
GSO_59,GSO_59,2023-09-20 00:00:00+00:00
GSO_60,GSO_60,2023-09-20 00:00:00+00:00
GSO_61,GSO_61,2023-09-20 00:00:00+00:00
GSO_62,GSO_62,2023-09-20 00:00:00+00:00
GSO_63,GSO_63,2023-09-20 00:00:00+00:00
GSO_64,GSO_64,2023-09-20 00:00:00+00:00
GSO_65,GSO_65,2023-09-20 00:00:00+00:00
GSO_66,GSO_66,2023-09-20 00:00:00+00:00
GSO_67,GSO_67,2023-09-20 00:00:00+00:00
GSO_68,GSO_68,2023-09-20 00:00:00+00:00
GSO_69,GSO_69,2023-09-20 00:00:00+00:00
GSO_70,GSO_70,2023-09-20 00:00:00+00:00
GSO_71,GSO_71,2023-09-20 00:00:00+00:00
GSO_72,GSO_72,2023-09-20 00:00:00+00:00
GSO_73,GSO_73,2023-09-20 00:00:00+00:00
GSO_74,GSO_74,2023-09-20 00:00:00+00:00
GSO_75,GSO_75,2023-09-20 00:00:00+00:00
GSO_76,GSO_76,2023-09-20 00:00:00+00:00
GSO_77,GSO_77,2023-09-20 00:00:00+00:00
GSO_78,GSO_78,2023-09-20 00:00:00+00:00
GSO_79,GSO_79,2023-09-20 00:00:00+00:00
GSO_80,GSO_80,2023-09-20 00:00:00+00:00
GSO_81,GSO_81,2023-09-20 00:00:00+00:00
GSO_82,GSO_82,2023-09-20 00:00:00+00:00
GSO_83,GSO_83,2023-09-20 00:00:00+00:00
GSO_84,GSO_84,2023-09-20 00:00:00+00:00
GSO_85,GSO_85,2023-09-20 00:00:00+00:00
GSO_86,GSO_86,2023-09-20 00:00:00+00:00
GSO_87,GSO_87,2023-09-20 00:00:00+00:00
GSO_88,GSO_88,2023-09-20 00:00:00+00:00
GSO_89,GSO_89,2023-09-20 00:00:00+00:00
GSO_90,GSO_90,2023-09-20 00:00:00+00:00
GSO_91,GSO_91,2023-09-20 00:00:00+00:00
GSO_92,GSO_92,2023-09-20 00:00:00+00:00
GSO_93,GSO_93,2023-09-20 00:00:00+00:00
GSO_94,GSO_94,2023-09-20 00:00:00+00:00
GSO_95,GSO_95,2023-09-20 00:00:00+00:00
GSO_96,GSO_96,2023-09-20 00:00:00+00:00
GSO_97,GSO_97,2023-09-20 00:00:00+00:00
GSO_98,GSO_98,2023-09-20 00:00:00+00:00
GSO_99,GSO_99,2023-09-20 00:00:00+00:00
GSO_100,GSO_100,2023-09-20 00:00:00+00:00
GSO_101,GSO_101,2023-09-20 00:00:00+00:00
GSO_102,GSO_102,2023-09-20 00:00:00+00:00
GSO_103,GSO_103,2023-09-20 00:00:00+00:00
GSO_104,GSO_104,2023-09-20 00:00:00+00:00
GSO_105,GSO_105,2023-09-20 00:00:00+00:00
GSO_106,GSO_106,2023-09-20 00:00:00+00:00
GSO_107,GSO_107,2023-09-20 00:00:00+00:00
GSO_108,GSO_108,2023-09-20 00:00:00+00:00
GSO_109,GSO_109,2023-09-20 00:00:00+00:00
GSO_110,GSO_110,2023-09-20 00:00:00+00:00
GSO_111,GSO_111,2023-09-20 00:00:00+00:00
GSO_112,GSO_112,2023-09-20 00:00:00+00:00
GSO_113,GSO_113,2023-09-20 00:00:00+00:00
GSO_114,GSO_114,2023-09-20 00:00:00+00:00
GSO_115,GSO_115,2023-09-20 00:00:00+00:00
GSO_116,GSO_116,2023-09-20 00:00:00+00:00
GSO_117,GSO_117,2023-09-20 00:00:00+00:00
GSO_118,GSO_118,2023-09-20 00:00:00+00:00
GSO_119,GSO_119,2023-09-20 00:00:00+00:00
GSO_121,GSO_121,2023-09-20 00:00:00+00:00
GSO_122,GSO_122,2023-09-20 00:00:00+00:00
GSO_123,GSO_123,2023-09-20 00:00:00+00:00
GSO_124,GSO_124,2023-09-20 00:00:00+00:00
GSO_125,GSO_125,2023-09-20 00:00:00+00:00
GSO_126,GSO_126,2023-09-20 00:00:00+00:00
GSO_127,GSO_127,2023-09-20 00:00:00+00:00
GSO_128,GSO_128,2023-09-20 00:00:00+00:00
GSO_129,GSO_129,2023-09-20 00:00:00+00:00
GSO_130,GSO_130,2023-09-20 00:00:00+00:00
GSO_131,GSO_131,2023-09-20 00:00:00+00:00
GSO_132,GSO_132,2023-09-20 00:00:00+00:00
GSO_133,GSO_133,2023-09-20 00:00:00+00:00
GSO_134,GSO_134,2023-09-20 00:00:00+00:00
GSO_135,GSO_135,2023-09-20 00:00:00+00:00
GSO_136,GSO_136,2023-09-20 00:00:00+00:00
GSO_137,GSO_137,2023-09-20 00:00:00+00:00
GSO_138,GSO_138,2023-09-20 00:00:00+00:00
GSO_139,GSO_139,2023-09-20 00:00:00+00:00
GSO_140,GSO_140,2023-09-20 00:00:00+00:00
GSO_141,GSO_141,2023-09-20 00:00:00+00:00
GSO_142,GSO_142,2023-09-20 00:00:00+00:00
GSO_143,GSO_143,2023-09-20 00:00:00+00:00
GSO_144,GSO_144,2023-09-20 00:00:00+00:00
GSO_145,GSO_145,2023-09-20 00:00:00+00:00
GSO_146,GSO_146,2023-09-20 00:00:00+00:00
GSO_147,GSO_147,2023-09-20 00:00:00+00:00
GSO_148,GSO_148,2023-09-20 00:00:00+00:00
GSO_149,GSO_149,2023-09-20 00:00:00+00:00
GSO_150,GSO_150,2023-09-20 00:00:00+00:00
GSO_151,GSO_151,2023-09-20 00:00:00+00:00
GSO_152,GSO_152,2023-09-20 00:00:00+00:00
GSO_153,GSO_153,2023-09-20 00:00:00+00:00
GSO_154,GSO_154,2023-09-20 00:00:00+00:00
GSO_155,GSO_155,2023-09-20 00:00:00+00:00
GSO_156,GSO_156,2023-09-20 00:00:00+00:00
GSO_157,GSO_157,2023-09-20 00:00:00+00:00
GSO_158,GSO_158,2023-09-20 00:00:00+00:00
GSO_159,GSO_159,2023-09-20 00:00:00+00:00
GSO_160,GSO_160,2023-09-20 00:00:00+00:00
GSO_161,GSO_161,2023-09-20 00:00:00+00:00
GSO_162,GSO_162,2023-09-20 00:00:00+00:00
GSO_163,GSO_163,2023-09-20 00:00:00+00:00
