asset_group,meta_key,occurrences
Breaker,rating_a,10
Breaker,rating_kva,10
Breaker,voltage_level,10
Capacitor,rating_kvar,8
Capacitor,voltage_level,8
EVCharger,active_charging_power,53
EVCharger,active_generation_power,53
EVCharger,max_current,53
EVCharger,max_voltage,53
EVCharger,voltage_level,53
Line,ph_ph_voltage,8674
Line,rating_a,8674
Line,voltage_level,8674
Meter,energy_source,3906
Meter,source_rating_kw,3906
Meter,voltage_level,3906
PV,ac_size,32
PV,dc_size,32
PV,generation_capacity,32
PV,panel_rated_power,32
PV,voltage_level,32
Switch,rating_a,245
Switch,voltage_level,245
Transformer,primary_voltage,934
Transformer,rating_kva,934
Transformer,secondary_voltage,934
Transformer,voltage_level,934
