grid_id,type,customer_type,meta_key,numeric_rows,min_value,avg_value,median_value,max_value,sum_value
GSO_1,ACLineSegment,line_segment,ph_ph_voltage,448,240.0,2881.9196428571427,240.0,12470.0,1291100.0
GSO_1,ACLineSegment,line_segment,rating_a,448,193.0,369.60267857142856,290.0,660.0,165582.0
GSO_1,Capacitor,capacitor,rating_kvar,1,450.0,450.0,450.0,450.0,450.0
GSO_1,CircuitBreaker,switchable_element-Breaker,rating_kva,1,5714.3,5714.3,5714.3,5714.3,5714.3
GSO_1,EVCharger,ev_charger,active_charging_power,4,3840.0,4680.0,3840.0,7200.0,18720.0
GSO_1,EVCharger,ev_charger,active_generation_power,4,0.0,0.0,0.0,0.0,0.0
GSO_1,EVCharger,ev_charger,max_current,4,16.0,20.0,16.0,32.0,80.0
GSO_1,EVCharger,ev_charger,max_voltage,4,240.0,240.0,240.0,240.0,960.0
GSO_1,Transformer,transformer,primary_voltage,108,7200.0,9883.796296296296,12470.0,12470.0,1067450.0
GSO_1,Transformer,transformer,rating_kva,108,25.0,73.14814814814815,75.0,300.0,7900.0
GSO_1,Transformer,transformer,secondary_voltage,108,240.0,362.22222222222223,480.0,480.0,39120.0
GSO_10,ACLineSegment,line_segment,ph_ph_voltage,1067,240.0,1401.4245548266167,240.0,12470.0,1495320.0
GSO_10,ACLineSegment,line_segment,rating_a,1067,240.0,321.1668228678538,265.0,660.0,342685.0
GSO_10,Capacitor,capacitor,rating_kvar,1,450.0,450.0,450.0,450.0,450.0
GSO_10,CircuitBreaker,switchable_element-Breaker,rating_kva,1,5555.6,5555.6,5555.6,5555.6,5555.6
GSO_10,EVCharger,ev_charger,active_charging_power,2,3840.0,3840.0,3840.0,3840.0,7680.0
GSO_10,EVCharger,ev_charger,active_generation_power,2,0.0,0.0,0.0,0.0,0.0
GSO_10,EVCharger,ev_charger,max_current,2,16.0,16.0,16.0,16.0,32.0
GSO_10,EVCharger,ev_charger,max_voltage,2,240.0,240.0,240.0,240.0,480.0
GSO_10,Photovoltaic,photovoltaic,ac_size,6,3774.0,6378.833333333333,6192.5,9193.0,38273.0
GSO_10,Photovoltaic,photovoltaic,dc_size,6,4440.0,7415.0,7330.0,10360.0,44490.0
GSO_10,Photovoltaic,photovoltaic,generation_capacity,6,4389.0,6959.166666666667,6948.0,8938.0,41755.0
GSO_10,Photovoltaic,photovoltaic,panel_rated_power,6,370.0,386.6666666666667,370.0,420.0,2320.0
GSO_10,Transformer,transformer,primary_voltage,112,7200.0,8988.035714285714,7200.0,12470.0,1006660.0
GSO_10,Transformer,transformer,rating_kva,112,25.0,68.08035714285714,50.0,300.0,7625.0
GSO_10,Transformer,transformer,secondary_voltage,112,240.0,321.42857142857144,240.0,480.0,36000.0
GSO_2,ACLineSegment,line_segment,ph_ph_voltage,1321,240.0,1435.3974261922785,240.0,12470.0,1896160.0
GSO_2,ACLineSegment,line_segment,rating_a,1321,240.0,315.4579863739591,265.0,660.0,416720.0
GSO_2,Capacitor,capacitor,rating_kvar,1,450.0,450.0,450.0,450.0,450.0
GSO_2,CircuitBreaker,switchable_element-Breaker,rating_kva,1,5714.3,5714.3,5714.3,5714.3,5714.3
GSO_2,EVCharger,ev_charger,active_charging_power,13,3840.0,7753.846153846154,3840.0,17280.0,100800.0
GSO_2,EVCharger,ev_charger,active_generation_power,13,0.0,0.0,0.0,0.0,0.0
GSO_2,EVCharger,ev_charger,max_current,13,16.0,34.46153846153846,16.0,80.0,448.0
GSO_2,EVCharger,ev_charger,max_voltage,13,240.0,240.0,240.0,240.0,3120.0
GSO_2,Photovoltaic,photovoltaic,ac_size,8,3025.0,6882.375,6427.0,13394.0,55059.0
GSO_2,Photovoltaic,photovoltaic,dc_size,8,3330.0,7978.75,7585.0,15170.0,63830.0
GSO_2,Photovoltaic,photovoltaic,generation_capacity,8,4939.0,9715.875,9354.5,18275.0,77727.0
GSO_2,Photovoltaic,photovoltaic,panel_rated_power,8,370.0,381.875,370.0,420.0,3055.0
GSO_2,Transformer,transformer,primary_voltage,150,7200.0,8359.4,7200.0,12470.0,1253910.0
GSO_2,Transformer,transformer,rating_kva,150,25.0,57.166666666666664,50.0,300.0,8575.0
GSO_2,Transformer,transformer,secondary_voltage,150,240.0,292.8,240.0,480.0,43920.0
GSO_3,ACLineSegment,line_segment,ph_ph_voltage,15,240.0,1055.3333333333333,240.0,12470.0,15830.0
GSO_3,ACLineSegment,line_segment,rating_a,15,193.0,226.6,193.0,600.0,3399.0
GSO_3,CircuitBreaker,switchable_element-Breaker,rating_kva,1,5714.3,5714.3,5714.3,5714.3,5714.3
GSO_3,Transformer,transformer,primary_voltage,1,7200.0,7200.0,7200.0,7200.0,7200.0
GSO_3,Transformer,transformer,rating_kva,1,50.0,50.0,50.0,50.0,50.0
GSO_3,Transformer,transformer,secondary_voltage,1,240.0,240.0,240.0,240.0,240.0
GSO_4,ACLineSegment,line_segment,ph_ph_voltage,3080,240.0,842.8571428571429,240.0,12470.0,2596000.0
GSO_4,ACLineSegment,line_segment,rating_a,3080,193.0,269.58246753246755,265.0,660.0,830314.0
GSO_4,Capacitor,capacitor,rating_kvar,2,450.0,450.0,450.0,450.0,900.0
GSO_4,CircuitBreaker,switchable_element-Breaker,rating_kva,1,5714.3,5714.3,5714.3,5714.3,5714.3
GSO_4,EVCharger,ev_charger,active_charging_power,25,3840.0,4147.2,3840.0,7680.0,103680.0
GSO_4,EVCharger,ev_charger,active_generation_power,25,0.0,0.0,0.0,0.0,0.0
GSO_4,EVCharger,ev_charger,max_current,25,16.0,17.28,16.0,32.0,432.0
GSO_4,EVCharger,ev_charger,max_voltage,25,240.0,240.0,240.0,240.0,6000.0
GSO_4,Photovoltaic,photovoltaic,ac_size,9,4690.0,7108.333333333333,6317.0,12705.0,63975.0
GSO_4,Photovoltaic,photovoltaic,dc_size,9,5395.0,8121.666666666667,7400.0,14060.0,73095.0
GSO_4,Photovoltaic,photovoltaic,generation_capacity,9,4623.0,7877.777777777777,7254.0,11375.0,70900.0
GSO_4,Photovoltaic,photovoltaic,panel_rated_power,9,370.0,380.55555555555554,370.0,420.0,3425.0
GSO_4,Transformer,transformer,primary_voltage,207,7200.0,7327.294685990338,7200.0,12470.0,1516750.0
GSO_4,Transformer,transformer,rating_kva,207,25.0,39.2512077294686,50.0,300.0,8125.0
GSO_4,Transformer,transformer,secondary_voltage,207,240.0,245.79710144927537,240.0,480.0,50880.0
GSO_5,ACLineSegment,line_segment,ph_ph_voltage,497,240.0,2917.323943661972,240.0,12470.0,1449910.0
GSO_5,ACLineSegment,line_segment,rating_a,497,240.0,405.87525150905435,350.0,660.0,201720.0
GSO_5,CircuitBreaker,switchable_element-Breaker,rating_kva,1,5714.3,5714.3,5714.3,5714.3,5714.3
GSO_5,EVCharger,ev_charger,active_charging_power,5,3840.0,9888.0,7200.0,17280.0,49440.0
GSO_5,EVCharger,ev_charger,active_generation_power,5,0.0,0.0,0.0,0.0,0.0
GSO_5,EVCharger,ev_charger,max_current,5,16.0,44.8,32.0,80.0,224.0
GSO_5,EVCharger,ev_charger,max_voltage,5,240.0,240.0,240.0,240.0,1200.0
GSO_5,Photovoltaic,photovoltaic,ac_size,5,4501.0,7595.2,5884.0,16438.0,37976.0
GSO_5,Photovoltaic,photovoltaic,dc_size,5,5395.0,8658.0,6660.0,18260.0,43290.0
GSO_5,Photovoltaic,photovoltaic,generation_capacity,5,4170.0,7920.0,5152.0,14526.0,39600.0
GSO_5,Photovoltaic,photovoltaic,panel_rated_power,5,370.0,397.0,415.0,415.0,1985.0
GSO_5,Transformer,transformer,primary_voltage,125,7200.0,9856.08,12470.0,12470.0,1232010.0
GSO_5,Transformer,transformer,rating_kva,125,25.0,79.8,75.0,500.0,9975.0
GSO_5,Transformer,transformer,secondary_voltage,125,240.0,360.96,480.0,480.0,45120.0
GSO_6,ACLineSegment,line_segment,ph_ph_voltage,2161,240.0,1189.4493290143453,240.0,12470.0,2570400.0
GSO_6,ACLineSegment,line_segment,rating_a,2161,240.0,297.88755205923184,265.0,660.0,643735.0
GSO_6,Capacitor,capacitor,rating_kvar,3,300.0,450.0,450.0,600.0,1350.0
GSO_6,CircuitBreaker,switchable_element-Breaker,rating_kva,1,5714.3,5714.3,5714.3,5714.3,5714.3
GSO_6,EVCharger,ev_charger,active_charging_power,4,3840.0,10680.0,7440.0,24000.0,42720.0
GSO_6,EVCharger,ev_charger,active_generation_power,4,0.0,0.0,0.0,0.0,0.0
GSO_6,EVCharger,ev_charger,max_current,4,16.0,48.0,32.0,112.0,192.0
GSO_6,EVCharger,ev_charger,max_voltage,4,240.0,240.0,240.0,240.0,960.0
GSO_6,Photovoltaic,photovoltaic,ac_size,1,4586.0,4586.0,4586.0,4586.0,4586.0
GSO_6,Photovoltaic,photovoltaic,dc_size,1,5460.0,5460.0,5460.0,5460.0,5460.0
GSO_6,Photovoltaic,photovoltaic,generation_capacity,1,4772.0,4772.0,4772.0,4772.0,4772.0
GSO_6,Photovoltaic,photovoltaic,panel_rated_power,1,420.0,420.0,420.0,420.0,420.0
GSO_6,Transformer,transformer,primary_voltage,226,7200.0,7876.238938053098,7200.0,12470.0,1780030.0
GSO_6,Transformer,transformer,rating_kva,226,25.0,43.69469026548673,25.0,300.0,9875.0
GSO_6,Transformer,transformer,secondary_voltage,226,240.0,270.79646017699116,240.0,480.0,61200.0
GSO_7,ACLineSegment,line_segment,ph_ph_voltage,38,240.0,745.0,240.0,12470.0,28310.0
GSO_7,ACLineSegment,line_segment,rating_a,38,193.0,222.07894736842104,193.0,600.0,8439.0
GSO_7,CircuitBreaker,switchable_element-Breaker,rating_kva,1,5714.3,5714.3,5714.3,5714.3,5714.3
GSO_7,Photovoltaic,photovoltaic,ac_size,2,8005.0,10056.0,10056.0,12107.0,20112.0
GSO_7,Photovoltaic,photovoltaic,dc_size,2,8880.0,11495.0,11495.0,14110.0,22990.0
GSO_7,Photovoltaic,photovoltaic,generation_capacity,2,11282.0,12009.5,12009.5,12737.0,24019.0
GSO_7,Photovoltaic,photovoltaic,panel_rated_power,2,370.0,392.5,392.5,415.0,785.0
GSO_7,Transformer,transformer,primary_voltage,2,7200.0,7200.0,7200.0,7200.0,14400.0
GSO_7,Transformer,transformer,rating_kva,2,25.0,37.5,37.5,50.0,75.0
GSO_7,Transformer,transformer,secondary_voltage,2,240.0,240.0,240.0,240.0,480.0
GSO_8,ACLineSegment,line_segment,ph_ph_voltage,27,240.0,692.9629629629629,240.0,12470.0,18710.0
GSO_8,ACLineSegment,line_segment,rating_a,27,265.0,298.51851851851853,265.0,660.0,8060.0
GSO_8,CircuitBreaker,switchable_element-Breaker,rating_kva,1,5555.6,5555.6,5555.6,5555.6,5555.6
GSO_8,Transformer,transformer,primary_voltage,1,7200.0,7200.0,7200.0,7200.0,7200.0
GSO_8,Transformer,transformer,rating_kva,1,50.0,50.0,50.0,50.0,50.0
GSO_8,Transformer,transformer,secondary_voltage,1,240.0,240.0,240.0,240.0,240.0
GSO_9,ACLineSegment,line_segment,ph_ph_voltage,20,240.0,1199.5,240.0,12470.0,23990.0
GSO_9,ACLineSegment,line_segment,rating_a,20,193.0,279.9,265.0,660.0,5598.0
GSO_9,CircuitBreaker,switchable_element-Breaker,rating_kva,1,5555.6,5555.6,5555.6,5555.6,5555.6
GSO_9,Photovoltaic,photovoltaic,ac_size,1,6876.0,6876.0,6876.0,6876.0,6876.0
GSO_9,Photovoltaic,photovoltaic,dc_size,1,7770.0,7770.0,7770.0,7770.0,7770.0
GSO_9,Photovoltaic,photovoltaic,generation_capacity,1,6271.0,6271.0,6271.0,6271.0,6271.0
GSO_9,Photovoltaic,photovoltaic,panel_rated_power,1,370.0,370.0,370.0,370.0,370.0
GSO_9,Transformer,transformer,primary_voltage,2,7200.0,7200.0,7200.0,7200.0,14400.0
GSO_9,Transformer,transformer,rating_kva,2,25.0,37.5,37.5,50.0,75.0
GSO_9,Transformer,transformer,secondary_voltage,2,240.0,240.0,240.0,240.0,480.0
