grid_id,rated_assets,min_value,avg_value,median_value,max_value,total_value
GSO_1,448,193.0,369.60267857142856,290.0,660.0,165582.0
GSO_10,1067,240.0,321.1668228678538,265.0,660.0,342685.0
GSO_2,1321,240.0,315.4579863739591,265.0,660.0,416720.0
GSO_3,15,193.0,226.6,193.0,600.0,3399.0
GSO_4,3080,193.0,269.58246753246755,265.0,660.0,830314.0
GSO_5,497,240.0,405.87525150905435,350.0,660.0,201720.0
GSO_6,2161,240.0,297.88755205923184,265.0,660.0,643735.0
GSO_7,38,193.0,222.07894736842104,193.0,600.0,8439.0
GSO_8,27,265.0,298.51851851851853,265.0,660.0,8060.0
GSO_9,20,193.0,279.9,265.0,660.0,5598.0
