grid_id,data_source_type,provider,metric_key,data_source_count
GSO_1,CONSUMER,SMART_meter_data,kWh,173
GSO_1,CONSUMER,SMART_meter_data,V,173
GSO_1,TRUE_CONSUMPTION,SMART_ev_data,kWh,4
GSO_1,SENSOR,SMART_scada_data,kWh,3
GSO_1,SENSOR,SMART_scada_data,V,3
GSO_10,CONSUMER,SMART_meter_data,kWh,478
GSO_10,CONSUMER,SMART_meter_data,V,478
GSO_10,PRODUCER,SMART_meter_data,kWh,6
GSO_10,TRUE_GENERATION,SMART_pv_data,kWh,6
GSO_10,SENSOR,SMART_scada_data,kWh,3
GSO_10,SENSOR,SMART_scada_data,V,3
GSO_10,TRUE_CONSUMPTION,SMART_ev_data,kWh,2
GSO_2,CONSUMER,SMART_meter_data,kWh,587
GSO_2,CONSUMER,SMART_meter_data,V,587
GSO_2,TRUE_CONSUMPTION,SMART_ev_data,kWh,13
GSO_2,PRODUCER,SMART_meter_data,kWh,8
GSO_2,TRUE_GENERATION,SMART_pv_data,kWh,8
GSO_2,SENSOR,raptor,A,3
GSO_2,SENSOR,raptor,current_sign,3
GSO_2,SENSOR,raptor,lagging,3
GSO_2,SENSOR,raptor,PF,3
GSO_2,SENSOR,SMART_scada_data,kWh,3
GSO_2,SENSOR,SMART_scada_data,V,3
GSO_3,CONSUMER,SMART_meter_data,kWh,7
GSO_3,CONSUMER,SMART_meter_data,V,7
GSO_3,SENSOR,SMART_scada_data,kWh,3
GSO_3,SENSOR,SMART_scada_data,V,3
GSO_4,CONSUMER,SMART_meter_data,kWh,1437
GSO_4,CONSUMER,SMART_meter_data,V,1437
GSO_4,TRUE_CONSUMPTION,SMART_ev_data,kWh,25
GSO_4,PRODUCER,SMART_meter_data,kWh,9
GSO_4,TRUE_GENERATION,SMART_pv_data,kWh,9
GSO_4,SENSOR,raptor,A,6
GSO_4,SENSOR,raptor,current_sign,6
GSO_4,SENSOR,raptor,lagging,6
GSO_4,SENSOR,raptor,PF,6
GSO_4,SENSOR,SMART_scada_data,kWh,3
GSO_4,SENSOR,SMART_scada_data,V,3
GSO_5,CONSUMER,SMART_meter_data,kWh,212
GSO_5,CONSUMER,SMART_meter_data,V,212
GSO_5,PRODUCER,SMART_meter_data,kWh,5
GSO_5,TRUE_CONSUMPTION,SMART_ev_data,kWh,5
GSO_5,TRUE_GENERATION,SMART_pv_data,kWh,5
GSO_5,SENSOR,SMART_scada_data,kWh,3
GSO_5,SENSOR,SMART_scada_data,V,3
GSO_6,CONSUMER,SMART_meter_data,kWh,972
GSO_6,CONSUMER,SMART_meter_data,V,972
GSO_6,TRUE_CONSUMPTION,SMART_ev_data,kWh,4
GSO_6,SENSOR,SMART_scada_data,kWh,3
GSO_6,SENSOR,SMART_scada_data,V,3
GSO_6,PRODUCER,SMART_meter_data,kWh,1
GSO_6,TRUE_GENERATION,SMART_pv_data,kWh,1
GSO_7,CONSUMER,SMART_meter_data,kWh,18
GSO_7,CONSUMER,SMART_meter_data,V,18
GSO_7,SENSOR,SMART_scada_data,kWh,3
GSO_7,SENSOR,SMART_scada_data,V,3
GSO_7,PRODUCER,SMART_meter_data,kWh,2
GSO_7,TRUE_GENERATION,SMART_pv_data,kWh,2
GSO_8,CONSUMER,SMART_meter_data,kWh,13
GSO_8,CONSUMER,SMART_meter_data,V,13
GSO_8,SENSOR,SMART_scada_data,kWh,3
GSO_8,SENSOR,SMART_scada_data,V,3
GSO_9,CONSUMER,SMART_meter_data,kWh,9
GSO_9,CONSUMER,SMART_meter_data,V,9
GSO_9,SENSOR,SMART_scada_data,kWh,3
GSO_9,SENSOR,SMART_scada_data,V,3
GSO_9,PRODUCER,SMART_meter_data,kWh,1
GSO_9,TRUE_GENERATION,SMART_pv_data,kWh,1
