grid_id,data_source_id,grid_element_id,element_type,customer_type,data_source_type,provider,friendly_id,candidate_score,observations,start_timestamp,end_timestamp,median_interval_minutes,peak_interval_kwh,p95_interval_kwh,avg_interval_kwh,estimated_peak_mw,estimated_p95_mw,estimated_avg_mw
GSO_1,ea496fcb-6216-4db1-9885-1da5dbf70fa2,br_01_21,CircuitBreaker,switchable_element-Breaker,SENSOR,SMART_scada_data,br_01_21.C,160,2016,2024-07-01 00:00:00+00:00,2024-07-07 23:55:00+00:00,5.0,24.784,22.2325,19.5958998015873,0.297408,0.26678999999999997,0.23515079761904764
GSO_1,b1e8c057-fded-4c70-8f86-a33db401b6d1,br_01_21,CircuitBreaker,switchable_element-Breaker,SENSOR,SMART_scada_data,br_01_21.A,160,2016,2024-07-01 00:00:00+00:00,2024-07-07 23:55:00+00:00,5.0,21.378,19.8425,17.866164186507937,0.256536,0.23811000000000002,0.21439397023809525
GSO_1,ba6970aa-af7f-428e-9a4f-7826618684b4,br_01_21,CircuitBreaker,switchable_element-Breaker,SENSOR,SMART_scada_data,br_01_21.B,160,2016,2024-07-01 00:00:00+00:00,2024-07-07 23:55:00+00:00,5.0,22.291,20.697,18.267737103174603,0.267492,0.248364,0.21921284523809523
GSO_10,396f73e2-6041-46ac-90d5-a9439aef50d8,br_015_21,CircuitBreaker,switchable_element-Breaker,SENSOR,SMART_scada_data,br_015_21.C,160,2016,2024-07-01 00:00:00+00:00,2024-07-07 23:55:00+00:00,5.0,43.373,41.2575,34.125141865079364,0.520476,0.49509000000000003,0.40950170238095246
GSO_10,b315ece6-7341-4cdf-a1c9-70a8dbfe93ff,br_015_21,CircuitBreaker,switchable_element-Breaker,SENSOR,SMART_scada_data,br_015_21.B,160,2016,2024-07-01 00:00:00+00:00,2024-07-07 23:55:00+00:00,5.0,44.055,41.23675,34.03182738095238,0.5286600000000001,0.49484100000000003,0.40838192857142863
GSO_10,d140ab36-31a8-40c7-820d-c3a2df82604a,br_015_21,CircuitBreaker,switchable_element-Breaker,SENSOR,SMART_scada_data,br_015_21.A,160,2016,2024-07-01 00:00:00+00:00,2024-07-07 23:55:00+00:00,5.0,48.142,45.408249999999995,37.16649751984127,0.5777040000000001,0.544899,0.4459979702380953
GSO_2,e16fe26a-3331-4e10-bcda-3d5b4cfc42bc,br_02_21,CircuitBreaker,switchable_element-Breaker,SENSOR,SMART_scada_data,br_02_21.A,160,2016,2024-07-01 00:00:00+00:00,2024-07-07 23:55:00+00:00,5.0,54.551,52.1605,43.387211309523806,0.6546120000000001,0.625926,0.5206465357142858
GSO_2,a28c1752-7f45-48c2-b058-b7cdc091e5d6,br_02_21,CircuitBreaker,switchable_element-Breaker,SENSOR,SMART_scada_data,br_02_21.C,160,2016,2024-07-01 00:00:00+00:00,2024-07-07 23:55:00+00:00,5.0,57.03,53.23775,44.32434077380952,0.68436,0.6388530000000001,0.5318920892857143
GSO_2,f5b81547-937f-4c70-92ba-8a0fb6594394,br_02_21,CircuitBreaker,switchable_element-Breaker,SENSOR,SMART_scada_data,br_02_21.B,160,2016,2024-07-01 00:00:00+00:00,2024-07-07 23:55:00+00:00,5.0,58.46,55.065,45.728520833333334,0.7015200000000001,0.6607800000000001,0.54874225
GSO_3,cabb02b4-86e3-4261-87ef-66f06902bb61,br_03_21,CircuitBreaker,switchable_element-Breaker,SENSOR,SMART_scada_data,br_03_21.A,160,2016,2024-07-01 00:00:00+00:00,2024-07-07 23:55:00+00:00,5.0,2.983,2.097,1.6142266865079364,0.03579600000000001,0.025164000000000002,0.01937072023809524
GSO_4,67c44f52-c49c-4993-940f-90408b4b9ae5,br_04_21,CircuitBreaker,switchable_element-Breaker,SENSOR,SMART_scada_data,br_04_21.B,160,2016,2024-07-01 00:00:00+00:00,2024-07-07 23:55:00+00:00,5.0,123.783,116.42,92.83522371031745,1.4853960000000002,1.39704,1.1140226845238095
GSO_4,1da22d5c-e6b3-4228-b327-ddf40f1f21b6,br_04_21,CircuitBreaker,switchable_element-Breaker,SENSOR,SMART_scada_data,br_04_21.C,160,2016,2024-07-01 00:00:00+00:00,2024-07-07 23:55:00+00:00,5.0,119.087,110.2775,88.08981696428572,1.4290440000000002,1.3233300000000001,1.0570778035714288
GSO_4,eda55f14-fedc-4eb6-a389-a51a43231405,br_04_21,CircuitBreaker,switchable_element-Breaker,SENSOR,SMART_scada_data,br_04_21.A,160,2016,2024-07-01 00:00:00+00:00,2024-07-07 23:55:00+00:00,5.0,126.516,119.53325,95.32249851190477,1.5181920000000002,1.4343990000000002,1.1438699821428573
GSO_5,1a7b2ce3-8ce4-43f0-822c-bae88f338574,br_05_21,CircuitBreaker,switchable_element-Breaker,SENSOR,SMART_scada_data,br_05_21.A,160,2016,2024-07-01 00:00:00+00:00,2024-07-07 23:55:00+00:00,5.0,36.361,34.14425,29.75580853174603,0.436332,0.409731,0.35706970238095237
GSO_5,fdea0e08-11f9-40c1-bd4a-4dfdb8ea2803,br_05_21,CircuitBreaker,switchable_element-Breaker,SENSOR,SMART_scada_data,br_05_21.B,160,2016,2024-07-01 00:00:00+00:00,2024-07-07 23:55:00+00:00,5.0,24.945,22.78525,20.03374255952381,0.29934000000000005,0.273423,0.2404049107142857
GSO_5,921b5057-9802-4094-b921-551288ad3d2e,br_05_21,CircuitBreaker,switchable_element-Breaker,SENSOR,SMART_scada_data,br_05_21.C,160,2016,2024-07-01 00:00:00+00:00,2024-07-07 23:55:00+00:00,5.0,20.297,18.61025,16.621160714285715,0.24356400000000003,0.22332300000000002,0.19945392857142857
GSO_6,a5d804f2-bcf0-4e70-ad7f-9ffc889ca71a,br_06_21,CircuitBreaker,switchable_element-Breaker,SENSOR,SMART_scada_data,br_06_21.C,160,2016,2024-07-01 00:00:00+00:00,2024-07-07 23:55:00+00:00,5.0,23.749,21.29375,17.856324404761903,0.284988,0.255525,0.21427589285714288
GSO_6,145f4423-0120-41c0-a961-6f6b453e91a7,br_06_21,CircuitBreaker,switchable_element-Breaker,SENSOR,SMART_scada_data,br_06_21.A,160,2016,2024-07-01 00:00:00+00:00,2024-07-07 23:55:00+00:00,5.0,21.482,20.097250000000003,16.649206349206352,0.257784,0.24116700000000002,0.19979047619047619
GSO_6,120599d7-eee0-4966-bd20-36d9e2e8b089,br_06_21,CircuitBreaker,switchable_element-Breaker,SENSOR,SMART_scada_data,br_06_21.B,160,2016,2024-07-01 00:00:00+00:00,2024-07-07 23:55:00+00:00,5.0,19.124,17.795,14.657531746031747,0.229488,0.21354,0.17589038095238096
GSO_7,7c4e0a27-0ba8-4589-8efa-9d78e22aeea7,br_07_21,CircuitBreaker,switchable_element-Breaker,SENSOR,SMART_scada_data,br_07_21.B,160,2016,2024-07-01 00:00:00+00:00,2024-07-07 23:55:00+00:00,5.0,2.162,1.781,1.0988794642857143,0.025944,0.021372,0.013186553571428573
GSO_7,b3997dcd-0479-4422-904f-1e86aedb3b49,br_07_21,CircuitBreaker,switchable_element-Breaker,SENSOR,SMART_scada_data,br_07_21.C,160,2016,2024-07-01 00:00:00+00:00,2024-07-07 23:55:00+00:00,5.0,3.249,2.91125,2.3231155753968253,0.03898800000000001,0.03493500000000001,0.027877386904761905
GSO_8,674756f5-28ec-40f8-8ece-cd6c8a394c18,br_022_21,CircuitBreaker,switchable_element-Breaker,SENSOR,SMART_scada_data,br_022_21.C,160,2016,2024-07-01 00:00:00+00:00,2024-07-07 23:55:00+00:00,5.0,3.7,3.225,2.4432266865079364,0.04440000000000001,0.038700000000000005,0.02931872023809524
GSO_9,9b89dc0e-e258-4610-b60b-484b1b02a312,br_023_21,CircuitBreaker,switchable_element-Breaker,SENSOR,SMART_scada_data,br_023_21.C,160,2016,2024-07-01 00:00:00+00:00,2024-07-07 23:55:00+00:00,5.0,1.623,1.235,0.7973040674603175,0.019476000000000004,0.014820000000000002,0.00956764880952381
GSO_9,f631ee12-3be7-417b-ad19-901e9ad68684,br_023_21,CircuitBreaker,switchable_element-Breaker,SENSOR,SMART_scada_data,br_023_21.B,160,2016,2024-07-01 00:00:00+00:00,2024-07-07 23:55:00+00:00,5.0,1.163,0.99,0.7459632936507937,0.013956000000000001,0.01188,0.008951559523809525
