grid_id,grid_element_data_source_id,grid_element_id,element_type,customer_type,data_source_type,provider,metrics,friendly_id
GSO_1,b1e8c057-fded-4c70-8f86-a33db401b6d1,br_01_21,CircuitBreaker,switchable_element-Breaker,SENSOR,SMART_scada_data,"['kWh', 'V']",br_01_21.A
GSO_1,ba6970aa-af7f-428e-9a4f-7826618684b4,br_01_21,CircuitBreaker,switchable_element-Breaker,SENSOR,SMART_scada_data,"['kWh', 'V']",br_01_21.B
GSO_1,ea496fcb-6216-4db1-9885-1da5dbf70fa2,br_01_21,CircuitBreaker,switchable_element-Breaker,SENSOR,SMART_scada_data,"['kWh', 'V']",br_01_21.C
GSO_10,d140ab36-31a8-40c7-820d-c3a2df82604a,br_015_21,CircuitBreaker,switchable_element-Breaker,SENSOR,SMART_scada_data,"['kWh', 'V']",br_015_21.A
GSO_10,b315ece6-7341-4cdf-a1c9-70a8dbfe93ff,br_015_21,CircuitBreaker,switchable_element-Breaker,SENSOR,SMART_scada_data,"['kWh', 'V']",br_015_21.B
GSO_10,396f73e2-6041-46ac-90d5-a9439aef50d8,br_015_21,CircuitBreaker,switchable_element-Breaker,SENSOR,SMART_scada_data,"['kWh', 'V']",br_015_21.C
GSO_2,e16fe26a-3331-4e10-bcda-3d5b4cfc42bc,br_02_21,CircuitBreaker,switchable_element-Breaker,SENSOR,SMART_scada_data,"['kWh', 'V']",br_02_21.A
GSO_2,f5b81547-937f-4c70-92ba-8a0fb6594394,br_02_21,CircuitBreaker,switchable_element-Breaker,SENSOR,SMART_scada_data,"['kWh', 'V']",br_02_21.B
GSO_2,a28c1752-7f45-48c2-b058-b7cdc091e5d6,br_02_21,CircuitBreaker,switchable_element-Breaker,SENSOR,SMART_scada_data,"['kWh', 'V']",br_02_21.C
GSO_3,cabb02b4-86e3-4261-87ef-66f06902bb61,br_03_21,CircuitBreaker,switchable_element-Breaker,SENSOR,SMART_scada_data,"['kWh', 'V']",br_03_21.A
GSO_3,262d1506-d23e-42d2-a938-f15cb2f35365,br_03_21,CircuitBreaker,switchable_element-Breaker,SENSOR,SMART_scada_data,"['kWh', 'V']",br_03_21.B
GSO_3,861d3fe8-4f6d-46b5-bb00-6d79ddaf889d,br_03_21,CircuitBreaker,switchable_element-Breaker,SENSOR,SMART_scada_data,"['kWh', 'V']",br_03_21.C
GSO_4,eda55f14-fedc-4eb6-a389-a51a43231405,br_04_21,CircuitBreaker,switchable_element-Breaker,SENSOR,SMART_scada_data,"['kWh', 'V']",br_04_21.A
GSO_4,67c44f52-c49c-4993-940f-90408b4b9ae5,br_04_21,CircuitBreaker,switchable_element-Breaker,SENSOR,SMART_scada_data,"['kWh', 'V']",br_04_21.B
GSO_4,1da22d5c-e6b3-4228-b327-ddf40f1f21b6,br_04_21,CircuitBreaker,switchable_element-Breaker,SENSOR,SMART_scada_data,"['kWh', 'V']",br_04_21.C
GSO_5,1a7b2ce3-8ce4-43f0-822c-bae88f338574,br_05_21,CircuitBreaker,switchable_element-Breaker,SENSOR,SMART_scada_data,"['kWh', 'V']",br_05_21.A
GSO_5,fdea0e08-11f9-40c1-bd4a-4dfdb8ea2803,br_05_21,CircuitBreaker,switchable_element-Breaker,SENSOR,SMART_scada_data,"['kWh', 'V']",br_05_21.B
GSO_5,921b5057-9802-4094-b921-551288ad3d2e,br_05_21,CircuitBreaker,switchable_element-Breaker,SENSOR,SMART_scada_data,"['kWh', 'V']",br_05_21.C
GSO_6,145f4423-0120-41c0-a961-6f6b453e91a7,br_06_21,CircuitBreaker,switchable_element-Breaker,SENSOR,SMART_scada_data,"['kWh', 'V']",br_06_21.A
GSO_6,120599d7-eee0-4966-bd20-36d9e2e8b089,br_06_21,CircuitBreaker,switchable_element-Breaker,SENSOR,SMART_scada_data,"['kWh', 'V']",br_06_21.B
GSO_6,a5d804f2-bcf0-4e70-ad7f-9ffc889ca71a,br_06_21,CircuitBreaker,switchable_element-Breaker,SENSOR,SMART_scada_data,"['kWh', 'V']",br_06_21.C
GSO_7,874fce3a-0ddc-405e-8b4d-496bf1208ffa,br_07_21,CircuitBreaker,switchable_element-Breaker,SENSOR,SMART_scada_data,"['kWh', 'V']",br_07_21.A
GSO_7,7c4e0a27-0ba8-4589-8efa-9d78e22aeea7,br_07_21,CircuitBreaker,switchable_element-Breaker,SENSOR,SMART_scada_data,"['kWh', 'V']",br_07_21.B
GSO_7,b3997dcd-0479-4422-904f-1e86aedb3b49,br_07_21,CircuitBreaker,switchable_element-Breaker,SENSOR,SMART_scada_data,"['kWh', 'V']",br_07_21.C
GSO_8,9e0bf50d-94bd-4e5d-9a43-95a506f4c534,br_022_21,CircuitBreaker,switchable_element-Breaker,SENSOR,SMART_scada_data,"['kWh', 'V']",br_022_21.A
GSO_8,14a29c10-6f6b-4045-834c-a8cdccfa7fe8,br_022_21,CircuitBreaker,switchable_element-Breaker,SENSOR,SMART_scada_data,"['kWh', 'V']",br_022_21.B
GSO_8,674756f5-28ec-40f8-8ece-cd6c8a394c18,br_022_21,CircuitBreaker,switchable_element-Breaker,SENSOR,SMART_scada_data,"['kWh', 'V']",br_022_21.C
GSO_9,c7e10126-bd63-4bd3-96ab-07587af29378,br_023_21,CircuitBreaker,switchable_element-Breaker,SENSOR,SMART_scada_data,"['kWh', 'V']",br_023_21.A
GSO_9,f631ee12-3be7-417b-ad19-901e9ad68684,br_023_21,CircuitBreaker,switchable_element-Breaker,SENSOR,SMART_scada_data,"['kWh', 'V']",br_023_21.B
GSO_9,9b89dc0e-e258-4610-b60b-484b1b02a312,br_023_21,CircuitBreaker,switchable_element-Breaker,SENSOR,SMART_scada_data,"['kWh', 'V']",br_023_21.C
