grid_id,total_elements,transformers,line_segments,meters,pv_elements,ev_elements,switchable_elements,producers,consumers,transformers_with_rating,transformer_min_rating,transformer_avg_rating,transformer_median_rating,transformer_max_rating,transformer_total_nameplate,lines_with_rating,line_min_rating,line_avg_rating,line_median_rating,line_max_rating,line_total_rating_not_capacity,pv_with_rating,pv_min_rating,pv_avg_rating,pv_median_rating,pv_max_rating,pv_total_nameplate,data_source_id,friendly_id,estimated_peak_mw,estimated_p95_mw,estimated_avg_mw,median_interval_minutes,capacity_interpretation
GSO_1,823,108,448,173,0,4,89,1,177,108,25.0,73.14814814814815,75.0,300.0,7900.0,448,193.0,369.60267857142856,290.0,660.0,165582.0,,,,,,,ea496fcb-6216-4db1-9885-1da5dbf70fa2,br_01_21.C,0.297408,0.26678999999999997,0.23515079761904764,5.0,"Transformer totals are connected downstream nameplate, not guaranteed feeder hosting capacity. SCADA MW is an estimate from interval kWh and should be validated against the source definition."
GSO_2,2098,150,1321,587,8,13,18,17,608,150,25.0,57.166666666666664,50.0,300.0,8575.0,1321,240.0,315.4579863739591,265.0,660.0,416720.0,8.0,370.0,381.875,370.0,420.0,3055.0,e16fe26a-3331-4e10-bcda-3d5b4cfc42bc,br_02_21.A,0.6546120000000001,0.625926,0.5206465357142858,5.0,"Transformer totals are connected downstream nameplate, not guaranteed feeder hosting capacity. SCADA MW is an estimate from interval kWh and should be validated against the source definition."
GSO_3,25,1,15,7,0,0,2,1,7,1,50.0,50.0,50.0,50.0,50.0,15,193.0,226.6,193.0,600.0,3399.0,,,,,,,cabb02b4-86e3-4261-87ef-66f06902bb61,br_03_21.A,0.03579600000000001,0.025164000000000002,0.01937072023809524,5.0,"Transformer totals are connected downstream nameplate, not guaranteed feeder hosting capacity. SCADA MW is an estimate from interval kWh and should be validated against the source definition."
GSO_4,4835,207,3080,1437,9,25,75,19,1471,207,25.0,39.2512077294686,50.0,300.0,8125.0,3080,193.0,269.58246753246755,265.0,660.0,830314.0,9.0,370.0,380.55555555555554,370.0,420.0,3425.0,67c44f52-c49c-4993-940f-90408b4b9ae5,br_04_21.B,1.4853960000000002,1.39704,1.1140226845238095,5.0,"Transformer totals are connected downstream nameplate, not guaranteed feeder hosting capacity. SCADA MW is an estimate from interval kWh and should be validated against the source definition."
GSO_5,858,125,497,212,5,5,14,11,222,125,25.0,79.8,75.0,500.0,9975.0,497,240.0,405.87525150905435,350.0,660.0,201720.0,5.0,370.0,397.0,415.0,415.0,1985.0,1a7b2ce3-8ce4-43f0-822c-bae88f338574,br_05_21.A,0.436332,0.409731,0.35706970238095237,5.0,"Transformer totals are connected downstream nameplate, not guaranteed feeder hosting capacity. SCADA MW is an estimate from interval kWh and should be validated against the source definition."
GSO_6,3404,226,2161,972,1,4,37,3,977,226,25.0,43.69469026548673,25.0,300.0,9875.0,2161,240.0,297.88755205923184,265.0,660.0,643735.0,1.0,420.0,420.0,420.0,420.0,420.0,a5d804f2-bcf0-4e70-ad7f-9ffc889ca71a,br_06_21.C,0.284988,0.255525,0.21427589285714288,5.0,"Transformer totals are connected downstream nameplate, not guaranteed feeder hosting capacity. SCADA MW is an estimate from interval kWh and should be validated against the source definition."
GSO_7,63,2,38,18,2,0,3,5,20,2,25.0,37.5,37.5,50.0,75.0,38,193.0,222.07894736842104,193.0,600.0,8439.0,2.0,370.0,392.5,392.5,415.0,785.0,7c4e0a27-0ba8-4589-8efa-9d78e22aeea7,br_07_21.B,0.025944,0.021372,0.013186553571428573,5.0,"Transformer totals are connected downstream nameplate, not guaranteed feeder hosting capacity. SCADA MW is an estimate from interval kWh and should be validated against the source definition."
GSO_8,43,1,27,13,0,0,2,1,13,1,50.0,50.0,50.0,50.0,50.0,27,265.0,298.51851851851853,265.0,660.0,8060.0,,,,,,,674756f5-28ec-40f8-8ece-cd6c8a394c18,br_022_21.C,0.04440000000000001,0.038700000000000005,0.02931872023809524,5.0,"Transformer totals are connected downstream nameplate, not guaranteed feeder hosting capacity. SCADA MW is an estimate from interval kWh and should be validated against the source definition."
GSO_9,35,2,20,9,1,0,3,3,10,2,25.0,37.5,37.5,50.0,75.0,20,193.0,279.9,265.0,660.0,5598.0,1.0,370.0,370.0,370.0,370.0,370.0,9b89dc0e-e258-4610-b60b-484b1b02a312,br_023_21.C,0.019476000000000004,0.014820000000000002,0.00956764880952381,5.0,"Transformer totals are connected downstream nameplate, not guaranteed feeder hosting capacity. SCADA MW is an estimate from interval kWh and should be validated against the source definition."
GSO_10,1678,112,1067,478,6,2,12,13,486,112,25.0,68.08035714285714,50.0,300.0,7625.0,1067,240.0,321.1668228678538,265.0,660.0,342685.0,6.0,370.0,386.6666666666667,370.0,420.0,2320.0,396f73e2-6041-46ac-90d5-a9439aef50d8,br_015_21.C,0.520476,0.49509000000000003,0.40950170238095246,5.0,"Transformer totals are connected downstream nameplate, not guaranteed feeder hosting capacity. SCADA MW is an estimate from interval kWh and should be validated against the source definition."
